Gender,Married,Dependents,Education,Self_Employed,ApplicantIncome,CoapplicantIncome,LoanAmount,Loan_Amount_Term,Credit_History,Property_Area,Loan_Status,Total_Income,Total_Income_log,EMI,EMI_Ratio,Loan_Income_Ratio,Income_Category,ApplicantIncome_log,CoapplicantIncome_log,LoanAmount_log
Male,No,0,Graduate,No,5849,0.0,128.0,360.0,1.0,Urban,Y,5849.0,8.674196940225903,355.55555555555554,0.7294694249729298,21.884082749187897,Medium,8.674196940225903,0.0,4.859812404361672
Male,Yes,1,Graduate,No,4583,1508.0,128.0,360.0,1.0,Rural,N,6091.0,8.714731714015052,355.55555555555554,0.7004870574071034,21.0146117222131,Medium,8.430327258394575,7.319202458767849,4.859812404361672
Male,Yes,0,Graduate,Yes,3000,0.0,66.0,360.0,1.0,Urban,Y,3000.0,8.006700845440367,183.33333333333334,0.7333333333333334,22.0,Low,8.006700845440367,0.0,4.204692619390966
Male,Yes,0,Not Graduate,No,2583,2358.0,120.0,360.0,1.0,Urban,Y,4941.0,8.505525386548555,333.3333333333333,0.8095527221210281,24.286581663630844,Medium,7.857093864902493,7.765993079407675,4.795790545596741
Male,No,0,Graduate,No,6000,0.0,141.0,360.0,1.0,Urban,Y,6000.0,8.699681400989514,391.6666666666667,0.7833333333333333,23.5,Medium,8.699681400989514,0.0,4.955827057601261
Male,Yes,2,Graduate,Yes,5417,4196.0,267.0,360.0,1.0,Urban,Y,9613.0,9.170975648453906,741.6666666666666,0.925829605742224,27.77488817226672,High,8.59748202264504,8.34212526333359,5.5909869805108565
Male,Yes,0,Not Graduate,No,2333,1516.0,95.0,360.0,1.0,Urban,Y,3849.0,8.25582842728183,263.8888888888889,0.8227245171906123,24.68173551571837,Low,7.755338812846501,7.324489979348532,4.564348191467836
Male,Yes,3,Graduate,No,3036,2504.0,158.0,360.0,0.0,Semiurban,N,5540.0,8.61993026886735,438.8888888888889,0.950661853188929,28.51985559566787,Medium,8.01862546504575,7.826044013518965,5.0689042022202315
Male,Yes,2,Graduate,No,4006,1526.0,168.0,360.0,1.0,Urban,Y,5532.0,8.618485442898109,466.6666666666667,1.0122921185827911,30.36876355748373,Medium,8.295798110636145,7.3310603052186325,5.1298987149230735
Male,Yes,1,Graduate,No,12841,10968.0,349.0,360.0,1.0,Semiurban,N,23809.0,10.077860939480908,969.4444444444445,0.48861074943648763,14.658322483094627,High,9.460476328353995,9.302828391411333,5.857933154483459
Male,Yes,2,Graduate,No,3200,700.0,70.0,360.0,1.0,Urban,Y,3900.0,8.268988209506656,194.44444444444446,0.5982905982905983,17.94871794871795,Low,8.071218539969863,6.55250788703459,4.2626798770413155
Male,Yes,2,Graduate,No,2500,1840.0,109.0,360.0,1.0,Urban,Y,4340.0,8.375860015299594,302.77777777777777,0.8371735791090629,25.11520737327189,Medium,7.824445930877619,7.518064181233078,4.700480365792417
Male,Yes,2,Graduate,No,3073,8106.0,200.0,360.0,1.0,Urban,Y,11179.0,9.32188174670909,555.5555555555555,0.5963562632316546,17.890687896949636,High,8.03073492409854,9.000483164987708,5.303304908059076
Male,No,0,Graduate,No,1853,2840.0,114.0,360.0,1.0,Rural,N,4693.0,8.454040376410969,316.6666666666667,0.8097165991902835,24.291497975708502,Medium,7.5251007461258,7.951911381854188,4.74493212836325
Male,Yes,2,Graduate,No,1299,1086.0,17.0,120.0,1.0,Urban,Y,2385.0,7.777373602657861,141.66666666666666,0.7127882599580713,7.127882599580713,Low,7.170119543449628,6.99117688712121,2.8903717578961645
Male,No,0,Graduate,No,4950,0.0,125.0,360.0,1.0,Urban,Y,4950.0,8.507344855361422,347.22222222222223,0.8417508417508418,25.252525252525253,Medium,8.507344855361422,0.0,4.836281906951478
Male,No,1,Not Graduate,No,3596,0.0,100.0,240.0,1.0,Urban,Y,3596.0,8.187855443695623,416.6666666666667,1.3904338153503892,27.808676307007786,Low,8.187855443695623,0.0,4.61512051684126
Female,No,0,Graduate,No,3510,0.0,76.0,360.0,0.0,Urban,N,3510.0,8.163656176168432,211.11111111111111,0.7217473884140551,21.65242165242165,Low,8.163656176168432,0.0,4.343805421853684
Male,Yes,0,Not Graduate,No,4887,0.0,133.0,360.0,1.0,Rural,N,4887.0,8.494538500851432,369.44444444444446,0.9071686788077212,27.215060364231636,Medium,8.494538500851432,0.0,4.897839799950911
Male,Yes,0,Graduate,No,2600,3500.0,115.0,360.0,1.0,Urban,Y,6100.0,8.716207971151853,319.44444444444446,0.6284153005464481,18.852459016393443,Medium,7.8636512654486515,8.160803920954665,4.7535901911063645
Male,Yes,0,Not Graduate,No,7660,0.0,104.0,360.0,0.0,Urban,N,7660.0,8.94389780251682,288.8888888888889,0.4525674499564839,13.577023498694517,Medium,8.94389780251682,0.0,4.653960350157523
Male,Yes,1,Graduate,No,5955,5625.0,315.0,360.0,1.0,Urban,Y,11580.0,9.357121103184378,875.0,0.9067357512953368,27.202072538860104,High,8.6921543938039,8.635153989049803,5.755742213586912
Male,Yes,0,Not Graduate,No,2600,1911.0,116.0,360.0,0.0,Semiurban,N,4511.0,8.414495793177895,322.22222222222223,0.8571639695559004,25.71491908667701,Medium,7.8636512654486515,7.555905093611346,4.762173934797756
Male,Yes,2,Not Graduate,No,3365,1917.0,112.0,360.0,0.0,Rural,N,5282.0,8.572249397164315,311.1111111111111,0.7068029786696958,21.204089360090876,Medium,8.121480374750751,7.559038255443384,4.727387818712341
Male,Yes,1,Graduate,No,3717,2925.0,151.0,360.0,1.0,Semiurban,N,6642.0,8.80131894766524,419.44444444444446,0.7578038743350397,22.73411623005119,Medium,8.220941168281389,7.98139158158007,5.0238805208462765
Male,Yes,0,Graduate,Yes,9560,0.0,191.0,360.0,1.0,Semiurban,Y,9560.0,9.165447603085447,530.5555555555555,0.6659693165969317,19.97907949790795,High,9.165447603085447,0.0,5.2574953720277815
Male,Yes,0,Graduate,No,2799,2253.0,122.0,360.0,1.0,Semiurban,Y,5052.0,8.527737405291909,338.8888888888889,0.8049617313275271,24.14885193982581,Medium,7.937374696163295,7.720461694599722,4.812184355372417
Male,Yes,2,Not Graduate,No,4226,1040.0,110.0,360.0,1.0,Urban,Y,5266.0,8.569216219483389,305.55555555555554,0.696290669705026,20.888720091150777,Medium,8.34924780056679,6.947937068614969,4.709530201312334
Male,No,0,Not Graduate,No,1442,0.0,35.0,360.0,1.0,Urban,N,1442.0,7.274479558773871,97.22222222222223,0.8090614886731392,24.271844660194176,Low,7.274479558773871,0.0,3.58351893845611
Female,No,2,Graduate,No,3750,2083.0,120.0,360.0,1.0,Semiurban,Y,5833.0,8.671458150427666,333.3333333333333,0.6857534716269501,20.5726041488085,Medium,8.229777750081887,7.642044402873258,4.795790545596741
Male,Yes,1,Graduate,No,4166,3369.0,201.0,360.0,1.0,Urban,N,7535.0,8.927446816256198,558.3333333333334,0.8891838088918382,26.675514266755144,Medium,8.334951631422454,8.122668023346407,5.308267697401205
Male,No,0,Graduate,No,3167,0.0,74.0,360.0,1.0,Urban,N,3167.0,8.060855752934316,205.55555555555554,0.7788653825913061,23.365961477739184,Low,8.060855752934316,0.0,4.31748811353631
Male,No,1,Graduate,Yes,4692,0.0,106.0,360.0,1.0,Rural,N,4692.0,8.453827315794417,294.44444444444446,0.7530548451264564,22.59164535379369,Medium,8.453827315794417,0.0,4.672828834461906
Male,Yes,0,Graduate,No,3500,1667.0,114.0,360.0,1.0,Semiurban,Y,5167.0,8.550241045462437,316.6666666666667,0.7354364234565512,22.063092703696537,Medium,8.160803920954665,7.419380582918692,4.74493212836325
Male,No,3,Graduate,No,12500,3000.0,320.0,360.0,1.0,Rural,N,15500.0,9.648659816955295,888.8888888888889,0.6881720430107526,20.64516129032258,High,9.433563920090563,8.006700845440367,5.771441123130016
Male,Yes,0,Graduate,No,2275,2067.0,128.0,360.0,1.0,Urban,Y,4342.0,8.376320632534823,355.55555555555554,0.9826500844464916,29.47950253339475,Medium,7.730174795246222,7.63433723562832,4.859812404361672
Male,Yes,0,Graduate,No,1828,1330.0,100.0,360.0,0.0,Urban,N,3158.0,8.058010800802085,277.77777777777777,1.0555203715431707,31.665611146295124,Low,7.511524648390866,7.193685818395112,4.61512051684126
Female,Yes,0,Graduate,No,3667,1459.0,144.0,360.0,1.0,Semiurban,Y,5126.0,8.5422759717837,400.0,0.9364026531408505,28.092079594225517,Medium,8.207401833376355,7.286191714702382,4.976733742420574
Male,No,0,Graduate,No,4166,7210.0,184.0,360.0,1.0,Urban,Y,11376.0,9.339349052539717,511.1111111111111,0.5391467416783873,16.17440225035162,High,8.334951631422454,8.88336291691676,5.220355825078324
Male,No,0,Not Graduate,No,3748,1668.0,110.0,360.0,1.0,Semiurban,Y,5416.0,8.597297435657898,305.55555555555554,0.6770064007877893,20.31019202363368,Medium,8.229244416735913,7.419979923661835,4.709530201312334
Male,No,0,Graduate,No,3600,0.0,80.0,360.0,1.0,Urban,N,3600.0,8.188966863648876,222.22222222222223,0.7407407407407408,22.22222222222222,Low,8.188966863648876,0.0,4.394449154672439
Male,No,0,Graduate,No,1800,1213.0,47.0,360.0,1.0,Urban,Y,3013.0,8.01102337918644,130.55555555555554,0.5199690231220268,15.599070693660803,Low,7.496097345175956,7.101675971619444,3.871201010907891
Male,Yes,0,Graduate,No,2400,0.0,75.0,360.0,1.0,Urban,Y,2400.0,7.783640596221253,208.33333333333334,1.0416666666666667,31.25,Low,7.783640596221253,0.0,4.330733340286331
Male,Yes,0,Graduate,No,3941,2336.0,134.0,360.0,1.0,Semiurban,Y,6277.0,8.744806737401898,372.22222222222223,0.7115925866921565,21.347777600764697,Medium,8.279443487712665,7.756623334538858,4.90527477843843
Male,Yes,0,Not Graduate,Yes,4695,0.0,96.0,360.0,1.0,Urban,Y,4695.0,8.454466361507933,266.6666666666667,0.6815761448349308,20.447284345047922,Medium,8.454466361507933,0.0,4.574710978503383
Female,No,0,Graduate,No,3410,0.0,88.0,360.0,1.0,Urban,Y,3410.0,8.134760782418645,244.44444444444446,0.8602150537634409,25.806451612903224,Low,8.134760782418645,0.0,4.48863636973214
Male,Yes,1,Graduate,No,5649,0.0,44.0,360.0,1.0,Urban,Y,5649.0,8.639410824140487,122.22222222222223,0.25963297338762026,7.788989201628607,Medium,8.639410824140487,0.0,3.8066624897703196
Male,Yes,0,Graduate,No,5821,0.0,144.0,360.0,1.0,Urban,Y,5821.0,8.669399124305569,400.0,0.8246005840920805,24.738017522762412,Medium,8.669399124305569,0.0,4.976733742420574
Female,Yes,0,Graduate,No,2645,3440.0,120.0,360.0,0.0,Urban,N,6085.0,8.713746330456916,333.3333333333333,0.657354149548069,19.72062448644207,Medium,7.880804344674901,8.14351740579748,4.795790545596741
Female,No,0,Graduate,No,4000,2275.0,144.0,360.0,1.0,Semiurban,Y,6275.0,8.744488113852924,400.0,0.7649402390438248,22.948207171314742,Medium,8.294299608857235,7.730174795246222,4.976733742420574
Female,Yes,0,Not Graduate,No,1928,1644.0,100.0,360.0,1.0,Semiurban,Y,3572.0,8.181160858023409,277.77777777777777,0.9331840238895109,27.99552071668533,Low,7.564757012905729,7.405495663199472,4.61512051684126
Female,No,0,Graduate,No,3086,0.0,120.0,360.0,1.0,Semiurban,Y,3086.0,8.034955024502159,333.3333333333333,1.2961762799740764,38.8852883992223,Low,8.034955024502159,0.0,4.795790545596741
Female,No,0,Graduate,No,4230,0.0,112.0,360.0,1.0,Semiurban,N,4230.0,8.350193650720067,311.1111111111111,0.8825847123719464,26.47754137115839,Medium,8.350193650720067,0.0,4.727387818712341
Male,Yes,2,Graduate,No,4616,0.0,134.0,360.0,1.0,Urban,N,4616.0,8.43750042250699,372.22222222222223,0.9676487579433853,29.02946273830156,Medium,8.43750042250699,0.0,4.90527477843843
Female,Yes,1,Graduate,Yes,11500,0.0,286.0,360.0,0.0,Urban,N,11500.0,9.350189267092581,794.4444444444445,0.8289855072463768,24.869565217391305,High,9.350189267092581,0.0,5.659482215759621
Male,Yes,2,Graduate,No,2708,1167.0,97.0,360.0,1.0,Semiurban,Y,3875.0,8.262558973010657,269.44444444444446,0.8344086021505376,25.032258064516128,Low,7.904334842085095,7.0630481633881725,4.584967478670572
Male,Yes,0,Graduate,No,2132,1591.0,96.0,360.0,1.0,Semiurban,Y,3723.0,8.222553638396958,266.6666666666667,0.8595218909481601,25.785656728444803,Low,7.665284718471351,7.3727463664043285,4.574710978503383
Male,Yes,0,Graduate,No,3366,2200.0,135.0,360.0,1.0,Rural,N,5566.0,8.624611588183507,375.0,0.8084800574919152,24.254401724757457,Medium,8.121777419161074,7.696667081526462,4.912654885736052
Male,Yes,1,Graduate,No,8080,2250.0,180.0,360.0,1.0,Urban,Y,10330.0,9.242904362849446,500.0,0.5808325266214908,17.424975798644724,High,8.997270906233448,7.719129840906732,5.198497031265826
Male,Yes,2,Not Graduate,No,3357,2859.0,144.0,360.0,1.0,Urban,Y,6216.0,8.735042754269337,400.0,0.7722007722007722,23.166023166023166,Medium,8.119100837637486,7.958576903813898,4.976733742420574
Male,Yes,0,Graduate,No,2500,3796.0,120.0,360.0,1.0,Urban,Y,6296.0,8.747828608488742,333.3333333333333,0.6353240152477764,19.05972045743329,Medium,7.824445930877619,8.241966560231802,4.795790545596741
Male,Yes,3,Graduate,No,3029,0.0,99.0,360.0,1.0,Urban,Y,3029.0,8.016317898503415,275.0,1.0894684714427205,32.684054143281614,Low,8.016317898503415,0.0,4.605170185988092
Male,Yes,0,Not Graduate,Yes,2609,3449.0,165.0,180.0,0.0,Rural,N,6058.0,8.70930004894499,916.6666666666666,1.8157807857378674,27.23671178606801,Medium,7.867105500316739,8.146129510025405,5.111987788356544
Male,Yes,1,Graduate,No,4945,0.0,128.0,360.0,0.0,Rural,N,4945.0,8.506334448081361,355.55555555555554,0.8628244017526121,25.88473205257836,Medium,8.506334448081361,0.0,4.859812404361672
Female,No,0,Graduate,No,4166,0.0,116.0,360.0,0.0,Semiurban,N,4166.0,8.334951631422454,322.22222222222223,0.9281485037606017,27.84445511281805,Medium,8.334951631422454,0.0,4.762173934797756
Male,Yes,0,Graduate,No,5726,4595.0,258.0,360.0,1.0,Semiurban,N,10321.0,9.242032818708672,716.6666666666666,0.8332525918031197,24.997577754093594,High,8.652947112393857,8.432941638968646,5.556828061699537
Male,No,0,Not Graduate,No,3200,2254.0,126.0,180.0,0.0,Urban,N,5454.0,8.604287898267172,700.0,1.54015401540154,23.102310231023104,Medium,8.071218539969863,7.720905251936779,4.844187086458591
Male,Yes,1,Graduate,No,10750,0.0,312.0,360.0,1.0,Urban,Y,10750.0,9.282754052485227,866.6666666666666,0.9674418604651162,29.023255813953487,High,9.282754052485227,0.0,5.746203190540153
Male,Yes,3,Not Graduate,Yes,7100,0.0,125.0,60.0,1.0,Urban,Y,7100.0,8.867990898182093,2083.3333333333335,3.521126760563381,17.6056338028169,Medium,8.867990898182093,0.0,4.836281906951478
Female,No,0,Graduate,No,4300,0.0,136.0,360.0,0.0,Semiurban,N,4300.0,8.366602832783736,377.77777777777777,1.054263565891473,31.627906976744185,Medium,8.366602832783736,0.0,4.919980925828125
Male,Yes,0,Graduate,No,3208,3066.0,172.0,360.0,1.0,Urban,Y,6274.0,8.744328763999984,477.77777777777777,0.9138242482201678,27.41472744660504,Medium,8.073714641109857,8.028455164114252,5.153291594497779
Male,Yes,2,Not Graduate,Yes,1875,1875.0,97.0,360.0,1.0,Semiurban,Y,3750.0,8.229777750081887,269.44444444444446,0.8622222222222222,25.866666666666667,Low,7.53689712956617,7.53689712956617,4.584967478670572
Male,No,0,Graduate,No,3500,0.0,81.0,300.0,1.0,Semiurban,Y,3500.0,8.160803920954665,270.0,0.9257142857142856,23.142857142857142,Low,8.160803920954665,0.0,4.406719247264253
Male,Yes,3,Not Graduate,No,4755,0.0,95.0,360.0,0.0,Semiurban,N,4755.0,8.467162257810672,263.8888888888889,0.6659656501927796,19.978969505783386,Medium,8.467162257810672,0.0,4.564348191467836
Male,Yes,3,Graduate,Yes,5266,1774.0,187.0,360.0,1.0,Semiurban,Y,7040.0,8.859505484519133,519.4444444444445,0.8854166666666667,26.5625,Medium,8.569216219483389,7.4815557019095165,5.236441962829949
Male,No,0,Graduate,No,3750,0.0,113.0,480.0,1.0,Urban,N,3750.0,8.229777750081887,235.41666666666666,0.7533333333333333,30.133333333333333,Low,8.229777750081887,0.0,4.736198448394496
Male,No,0,Graduate,No,3750,4750.0,176.0,360.0,1.0,Urban,N,8500.0,9.04793908261736,488.8888888888889,0.6901960784313725,20.705882352941178,High,8.229777750081887,8.46611040118692,5.176149732573829
Male,Yes,1,Graduate,Yes,1000,3022.0,110.0,360.0,1.0,Urban,N,4022.0,8.299783171949787,305.55555555555554,0.911652577490469,27.349577324714073,Medium,6.90875477931522,8.014004994779459,4.709530201312334
Male,Yes,3,Graduate,No,3167,4000.0,180.0,300.0,0.0,Semiurban,N,7167.0,8.877381954654766,600.0,1.0046044370029301,25.115110925073253,Medium,8.060855752934316,8.294299608857235,5.198497031265826
Male,Yes,3,Not Graduate,Yes,3333,2166.0,130.0,360.0,1.0,Semiurban,Y,5499.0,8.612503371220562,361.1111111111111,0.7880220646178092,23.64066193853428,Medium,8.111928063310739,7.681099001536359,4.875197323201151
Female,No,0,Graduate,No,3846,0.0,111.0,360.0,1.0,Semiurban,Y,3846.0,8.255048902752295,308.3333333333333,0.9620384815392615,28.861154446177846,Low,8.255048902752295,0.0,4.718498871295094
Male,Yes,1,Graduate,Yes,2395,0.0,128.0,360.0,1.0,Semiurban,Y,2395.0,7.78155595923534,355.55555555555554,1.7814892136395266,53.4446764091858,Low,7.78155595923534,0.0,4.859812404361672
Female,Yes,2,Graduate,No,1378,1881.0,167.0,360.0,1.0,Urban,N,3259.0,8.089482474360754,463.8888888888889,1.7080904162831136,51.2427124884934,Low,7.229113877793302,7.540090320145325,5.123963979403259
Male,Yes,0,Graduate,No,6000,2250.0,265.0,360.0,1.0,Semiurban,N,8250.0,9.018089684104343,736.1111111111111,1.0707070707070707,32.121212121212125,High,8.699681400989514,7.719129840906732,5.583496308781699
Male,Yes,1,Graduate,No,3988,0.0,50.0,240.0,1.0,Urban,Y,3988.0,8.291295851905407,208.33333333333334,0.6268806419257774,12.537612838515546,Low,8.291295851905407,0.0,3.9318256327243257
Male,No,0,Graduate,No,2366,2531.0,136.0,360.0,1.0,Semiurban,Y,4897.0,8.496582237512113,377.77777777777777,0.9257368456878361,27.77210537063508,Medium,7.769378609513984,7.836764783264067,4.919980925828125
Male,Yes,2,Not Graduate,No,3333,2000.0,99.0,360.0,1.0,Semiurban,Y,5333.0,8.58185670474196,275.0,0.6187886742921432,18.5636602287643,Medium,8.111928063310739,7.601402334583733,4.605170185988092
Male,Yes,0,Graduate,No,2500,2118.0,104.0,360.0,1.0,Semiurban,Y,4618.0,8.437933510430605,288.8888888888889,0.7506857225350081,22.52057167605024,Medium,7.824445930877619,7.6586995582682995,4.653960350157523
Male,No,0,Graduate,No,8566,0.0,210.0,360.0,1.0,Urban,Y,8566.0,9.055672891964043,583.3333333333334,0.8171842166705581,24.515526500116742,High,9.055672891964043,0.0,5.351858133476067
Male,Yes,0,Graduate,No,5695,4167.0,175.0,360.0,1.0,Semiurban,Y,9862.0,9.196545660953994,486.1111111111111,0.5914959778273507,17.744879334820524,High,8.647519453091812,8.335191583433202,5.170483995038151
Male,Yes,0,Graduate,No,2958,2900.0,131.0,360.0,1.0,Semiurban,Y,5858.0,8.675734219544788,363.8888888888889,0.7454193695231592,22.362581085694778,Medium,7.99260665240021,7.972810784121404,4.882801922586371
Male,Yes,2,Graduate,No,6250,5654.0,188.0,180.0,1.0,Semiurban,Y,11904.0,9.384713758920963,1044.4444444444443,1.0528673835125446,15.793010752688172,High,8.740496729931813,8.640295388550221,5.241747015059643
Male,Yes,2,Not Graduate,No,3273,1820.0,81.0,360.0,1.0,Urban,Y,5093.0,8.535818655539403,225.0,0.5301394070292558,15.904182210877675,Medium,8.09376775793108,7.507141079727608,4.406719247264253
Male,No,0,Graduate,No,4133,0.0,122.0,360.0,1.0,Semiurban,Y,4133.0,8.327000740241713,338.8888888888889,0.9839503185740786,29.518509557222355,Medium,8.327000740241713,0.0,4.812184355372417
Male,No,0,Not Graduate,No,3620,0.0,25.0,120.0,1.0,Semiurban,Y,3620.0,8.19450550976564,208.33333333333334,0.6906077348066298,6.906077348066298,Low,8.19450550976564,0.0,3.258096538021482
Male,No,0,Graduate,No,6782,0.0,128.0,360.0,1.0,Urban,N,6782.0,8.82217476094608,355.55555555555554,0.6291162882138995,18.873488646416988,Medium,8.82217476094608,0.0,4.859812404361672
Female,Yes,0,Graduate,No,2484,2302.0,137.0,360.0,1.0,Semiurban,Y,4786.0,8.473659189392508,380.55555555555554,0.9541718902354088,28.625156707062263,Medium,7.818027938530729,7.741967899820685,4.927253685157205
Male,Yes,0,Graduate,No,1977,997.0,50.0,360.0,1.0,Semiurban,Y,2974.0,7.99799931797973,138.88888888888889,0.5604124635731899,16.812373907195695,Low,7.589841512182657,6.905753276311464,3.9318256327243257
Male,Yes,0,Not Graduate,No,4188,0.0,115.0,180.0,1.0,Semiurban,Y,4188.0,8.340217320947035,638.8888888888889,1.830627188793378,27.45940783190067,Medium,8.340217320947035,0.0,4.7535901911063645
Male,Yes,0,Graduate,No,1759,3541.0,131.0,360.0,1.0,Semiurban,Y,5300.0,8.575650760987806,363.8888888888889,0.8238993710691824,24.71698113207547,Medium,7.473069088032197,8.17244681834278,4.882801922586371
Male,Yes,2,Not Graduate,No,4288,3263.0,133.0,180.0,1.0,Urban,Y,7551.0,8.929567707825337,738.8888888888889,1.17423740784885,17.61356111773275,Medium,8.36380888451688,8.090708716083997,4.897839799950911
Male,No,0,Graduate,No,4843,3806.0,151.0,360.0,1.0,Semiurban,Y,8649.0,9.065314599925925,419.44444444444446,0.5819555247234748,17.458665741704245,High,8.485496104672983,8.244596756382498,5.0238805208462765
Male,Yes,0,Graduate,No,13650,0.0,128.0,360.0,1.0,Urban,Y,13650.0,9.521568058002977,355.55555555555554,0.3125763125763126,9.377289377289378,High,9.521568058002977,0.0,4.859812404361672
Male,Yes,0,Graduate,No,4652,3583.0,128.0,360.0,1.0,Semiurban,Y,8235.0,9.01627006814768,355.55555555555554,0.518113742157458,15.54341226472374,High,8.445267451844648,8.18423477409482,4.859812404361672
Male,Yes,0,Graduate,No,3816,754.0,160.0,360.0,1.0,Urban,Y,4570.0,8.427487278331744,444.44444444444446,1.1670313639679066,35.010940919037196,Medium,8.247220052745229,6.626717749249025,5.081404364984463
Male,Yes,1,Graduate,No,3052,1030.0,100.0,360.0,1.0,Urban,Y,4082.0,8.314587291319576,277.77777777777777,0.8165931732810713,24.49779519843214,Medium,8.023879992734878,6.93828448401696,4.61512051684126
Male,Yes,2,Graduate,No,11417,1126.0,225.0,360.0,1.0,Urban,Y,12543.0,9.436997742590188,625.0,0.597943075819182,17.93829227457546,High,9.342946336524205,7.027314514039777,5.420534999272286
Male,No,0,Not Graduate,No,7333,0.0,120.0,360.0,1.0,Rural,N,7333.0,8.900276348631271,333.3333333333333,0.5454793399699985,16.36438019909996,Medium,8.900276348631271,0.0,4.795790545596741
Male,Yes,2,Graduate,No,3800,3600.0,216.0,360.0,0.0,Urban,N,7400.0,8.909370405197466,600.0,0.972972972972973,29.18918918918919,Medium,8.24301946898925,8.188966863648876,5.37989735354046
Male,Yes,3,Not Graduate,No,2071,754.0,94.0,480.0,1.0,Semiurban,Y,2825.0,7.946617563244473,195.83333333333334,0.8318584070796461,33.27433628318584,Low,7.6362696033793735,6.626717749249025,4.553876891600541
Male,No,0,Graduate,No,5316,0.0,136.0,360.0,1.0,Urban,Y,5316.0,8.57866451350434,377.77777777777777,0.8527715073990468,25.583145221971407,Medium,8.57866451350434,0.0,4.919980925828125
Female,Yes,0,Graduate,No,2929,2333.0,139.0,360.0,1.0,Semiurban,Y,5262.0,8.56845648535378,386.1111111111111,0.8805270492841758,26.415811478525274,Medium,7.982757702011113,7.755338812846501,4.941642422609304
Male,Yes,0,Not Graduate,No,3572,4114.0,152.0,360.0,0.0,Rural,N,7686.0,8.947285869349132,422.22222222222223,0.6592072165842657,19.776216497527972,Medium,8.181160858023409,8.32239411311117,5.030437921392435
Female,No,1,Graduate,Yes,7451,0.0,128.0,360.0,1.0,Semiurban,Y,7451.0,8.916237731721479,355.55555555555554,0.5726300720261263,17.17890216078379,Medium,8.916237731721479,0.0,4.859812404361672
Male,No,0,Graduate,No,5050,0.0,118.0,360.0,1.0,Semiurban,Y,5050.0,8.527341522468053,327.77777777777777,0.7788778877887789,23.366336633663366,Medium,8.527341522468053,0.0,4.77912349311153
Male,Yes,1,Graduate,No,14583,0.0,185.0,180.0,1.0,Rural,Y,14583.0,9.5876803163585,1027.7777777777778,0.8457336167683833,12.686004251525748,High,9.5876803163585,0.0,5.225746673713202
Female,Yes,0,Graduate,No,3167,2283.0,154.0,360.0,1.0,Semiurban,Y,5450.0,8.603554357064281,427.77777777777777,0.9418960244648318,28.256880733944953,Medium,8.060855752934316,7.7336835707759,5.043425116919247
Male,Yes,1,Graduate,No,2214,1398.0,85.0,360.0,1.0,Urban,Y,3612.0,8.19229373114764,236.11111111111111,0.7844222960502031,23.53266888150609,Low,7.703007682479236,7.243512974665482,4.454347296253507
Male,Yes,0,Graduate,No,5568,2142.0,175.0,360.0,1.0,Rural,N,7710.0,8.95040315983296,486.1111111111111,0.7565931690445309,22.69779507133593,Medium,8.624970783589669,7.669961995473577,5.170483995038151
Female,No,0,Graduate,No,10408,0.0,259.0,360.0,1.0,Urban,Y,10408.0,9.250426095515468,719.4444444444445,0.8294901357929797,24.884704073789393,High,9.250426095515468,0.0,5.560681631015528
Male,Yes,0,Graduate,No,5667,2667.0,180.0,360.0,1.0,Rural,Y,8334.0,9.028218795184895,500.0,0.7199424046076314,21.598272138228943,High,8.64259160081057,7.889084407035514,5.198497031265826
Female,No,0,Graduate,No,4166,0.0,44.0,360.0,1.0,Semiurban,Y,4166.0,8.334951631422454,122.22222222222223,0.352056329012642,10.561689870379261,Medium,8.334951631422454,0.0,3.8066624897703196
Female,No,0,Graduate,No,2137,8980.0,137.0,360.0,0.0,Semiurban,Y,11117.0,9.316320695513415,380.55555555555554,0.41078228538874395,12.323468561662319,High,7.6676260915849905,9.10286651367095,4.927253685157205
Male,Yes,2,Graduate,No,2957,0.0,81.0,360.0,1.0,Semiurban,Y,2957.0,7.992268643270745,225.0,0.9130875887724045,27.392627663172135,Low,7.992268643270745,0.0,4.406719247264253
Male,Yes,0,Not Graduate,No,4300,2014.0,194.0,360.0,1.0,Rural,Y,6314.0,8.750683034784592,538.8888888888889,1.0241790729595608,30.725372188786825,Medium,8.366602832783736,7.608374474380783,5.272999558563747
Female,No,0,Graduate,No,3692,0.0,93.0,360.0,1.0,Rural,Y,3692.0,8.214194414852564,258.3333333333333,0.8396533044420367,25.189599133261105,Low,8.214194414852564,0.0,4.543294782270004
Male,Yes,3,Graduate,No,23803,0.0,370.0,360.0,1.0,Rural,Y,23803.0,10.077608912764743,1027.7777777777778,0.5181419709000267,15.544259127000798,High,10.077608912764743,0.0,5.916202062607435
Male,No,0,Graduate,No,3865,1640.0,128.0,360.0,1.0,Rural,Y,5505.0,8.613593685702552,355.55555555555554,0.7750529821374508,23.251589464123523,Medium,8.259975659768276,7.403061091090091,4.859812404361672
Male,Yes,1,Graduate,Yes,10513,3850.0,160.0,180.0,0.0,Urban,N,14363.0,9.572480355345974,888.8888888888889,0.7426489359233215,11.139734038849822,High,9.260462981379394,8.25608813381491,5.081404364984463
Male,Yes,0,Graduate,No,6080,2569.0,182.0,360.0,1.0,Rural,N,8649.0,9.065314599925925,505.55555555555554,0.7014298377461748,21.042895132385247,High,8.71292443512011,7.851661177889265,5.209486152841421
Male,No,0,Graduate,Yes,20166,0.0,650.0,480.0,1.0,Urban,Y,20166.0,9.911802884139842,1354.1666666666667,0.8058117623723099,32.2324704948924,High,9.911802884139842,0.0,6.478509642208569
Male,No,0,Graduate,No,2014,1929.0,74.0,360.0,1.0,Urban,Y,3943.0,8.279950715722526,205.55555555555554,0.6255811987488376,18.76743596246513,Low,7.608374474380783,7.5652752818989315,4.31748811353631
Male,No,0,Graduate,No,2718,0.0,70.0,360.0,1.0,Semiurban,Y,2718.0,7.908019444632471,194.44444444444446,0.8584743684081433,25.754231052244297,Low,7.908019444632471,0.0,4.2626798770413155
Male,Yes,0,Graduate,Yes,3459,0.0,25.0,120.0,1.0,Semiurban,Y,3459.0,8.14902386805177,208.33333333333334,0.7227522405319456,7.227522405319457,Low,8.14902386805177,0.0,3.258096538021482
Male,No,0,Graduate,No,4895,0.0,102.0,360.0,1.0,Semiurban,Y,4895.0,8.496173824192162,283.3333333333333,0.6945863125638406,20.83758937691522,Medium,8.496173824192162,0.0,4.634728988229636
Male,Yes,3,Graduate,No,4000,7750.0,290.0,360.0,1.0,Semiurban,N,11750.0,9.371693622333941,805.5555555555555,0.8226950354609929,24.680851063829788,High,8.294299608857235,8.955577146281511,5.673323267171493
Female,Yes,0,Graduate,No,4583,0.0,84.0,360.0,1.0,Rural,N,4583.0,8.430327258394575,233.33333333333334,0.6109535238926467,18.328605716779403,Medium,8.430327258394575,0.0,4.442651256490317
Male,Yes,2,Graduate,Yes,3316,3500.0,88.0,360.0,1.0,Urban,Y,6816.0,8.827174771362785,244.44444444444446,0.430359937402191,12.910798122065728,Medium,8.106816038947052,8.160803920954665,4.48863636973214
Male,No,0,Graduate,No,14999,0.0,242.0,360.0,0.0,Semiurban,N,14999.0,9.615805480084347,672.2222222222222,0.5378136320199124,16.134408960597373,High,9.615805480084347,0.0,5.493061443340548
Male,Yes,2,Not Graduate,No,4200,1430.0,129.0,360.0,1.0,Rural,N,5630.0,8.636042325254618,358.3333333333333,0.7637655417406749,22.912966252220247,Medium,8.343077871169383,7.266128779556451,4.867534450455582
Male,Yes,2,Graduate,No,5042,2083.0,185.0,360.0,1.0,Rural,N,7125.0,8.871505346165781,513.8888888888889,0.8654970760233919,25.964912280701753,Medium,8.525756422076725,7.642044402873258,5.225746673713202
Male,No,0,Graduate,No,5417,0.0,168.0,360.0,1.0,Urban,Y,5417.0,8.59748202264504,466.6666666666667,1.0337825364592947,31.013476093778845,Medium,8.59748202264504,0.0,5.1298987149230735
Male,No,0,Graduate,Yes,6950,0.0,175.0,180.0,1.0,Semiurban,Y,6950.0,8.846640813100485,972.2222222222222,1.6786570743405276,25.179856115107913,Medium,8.846640813100485,0.0,5.170483995038151
Male,Yes,0,Graduate,No,2698,2034.0,122.0,360.0,1.0,Semiurban,Y,4732.0,8.462314529906248,338.8888888888889,0.8593970132431672,25.78191039729501,Medium,7.900636613018005,7.618251097876695,4.812184355372417
Male,Yes,2,Graduate,No,11757,0.0,187.0,180.0,1.0,Urban,Y,11757.0,9.3722891389622,1038.888888888889,1.0603612032547987,15.905418048821979,High,9.3722891389622,0.0,5.236441962829949
Female,Yes,0,Graduate,No,2330,4486.0,100.0,360.0,1.0,Semiurban,Y,6816.0,8.827174771362785,277.77777777777777,0.4890453834115806,14.671361502347418,Medium,7.754052639035757,8.408939605975984,4.61512051684126
Female,Yes,2,Graduate,No,14866,0.0,70.0,360.0,1.0,Urban,Y,14866.0,9.60689927061335,194.44444444444446,0.15695771110812146,4.708731333243644,High,9.60689927061335,0.0,4.2626798770413155
Male,Yes,1,Graduate,No,1538,1425.0,30.0,360.0,1.0,Urban,Y,2963.0,7.994294986415977,83.33333333333333,0.3374957813027337,10.12487343908201,Low,7.338888133838879,7.262628600974241,3.4339872044851463
Female,No,0,Graduate,No,10000,1666.0,225.0,360.0,1.0,Rural,N,11666.0,9.364519622823858,625.0,0.6428938796502658,19.286816389507973,High,9.210440366976517,7.418780882750794,5.420534999272286
Male,Yes,0,Graduate,No,4860,830.0,125.0,360.0,1.0,Semiurban,Y,5690.0,8.646641258603124,347.22222222222223,0.7322788517867603,21.968365553602812,Medium,8.488999457045455,6.7226297948554485,4.836281906951478
Male,No,0,Graduate,No,6277,0.0,118.0,360.0,0.0,Rural,N,6277.0,8.744806737401898,327.77777777777777,0.6266263076841379,18.798789230524136,Medium,8.744806737401898,0.0,4.77912349311153
Male,Yes,0,Graduate,Yes,2577,3750.0,152.0,360.0,1.0,Rural,Y,6327.0,8.75273950944749,422.22222222222223,0.8008008008008008,24.024024024024023,Medium,7.8547691834991324,8.229777750081887,5.030437921392435
Male,No,0,Graduate,No,9166,0.0,244.0,360.0,1.0,Urban,N,9166.0,9.123365357961776,677.7777777777778,0.8873372608917013,26.620117826751038,High,9.123365357961776,0.0,5.501258210544727
Male,Yes,2,Not Graduate,No,2281,0.0,113.0,360.0,1.0,Rural,N,2281.0,7.732807530422021,313.8888888888889,1.6513225193628527,49.53967558088558,Low,7.732807530422021,0.0,4.736198448394496
Male,No,0,Graduate,No,3254,0.0,50.0,360.0,1.0,Urban,Y,3254.0,8.08794755464267,138.88888888888889,0.5121901249743904,15.365703749231715,Low,8.08794755464267,0.0,3.9318256327243257
Male,Yes,3,Graduate,No,39999,0.0,600.0,180.0,0.0,Semiurban,Y,39999.0,10.596634733096073,3333.3333333333335,1.0000250006250158,15.000375009375235,High,10.596634733096073,0.0,6.398594934535208
Male,Yes,1,Graduate,No,6000,0.0,160.0,360.0,1.0,Rural,Y,6000.0,8.699681400989514,444.44444444444446,0.888888888888889,26.666666666666668,Medium,8.699681400989514,0.0,5.081404364984463
Male,Yes,1,Graduate,No,9538,0.0,187.0,360.0,1.0,Urban,Y,9538.0,9.163143937145207,519.4444444444445,0.6535262458936185,19.605787376808554,High,9.163143937145207,0.0,5.236441962829949
Male,No,0,Graduate,No,2980,2083.0,120.0,360.0,1.0,Rural,Y,5063.0,8.529911963824013,333.3333333333333,0.7900454276120876,23.70136282836263,Medium,8.000014093678072,7.642044402873258,4.795790545596741
Male,Yes,0,Graduate,No,4583,5625.0,255.0,360.0,1.0,Semiurban,Y,10208.0,9.231024963169016,708.3333333333334,0.8326802507836991,24.980407523510973,High,8.430327258394575,8.635153989049803,5.545177444479562
Male,Yes,0,Not Graduate,No,1863,1041.0,98.0,360.0,1.0,Semiurban,Y,2904.0,7.974188669286011,272.22222222222223,1.1248852157943068,33.7465564738292,Low,7.530479995245536,6.948897222313312,4.59511985013459
Male,Yes,0,Graduate,No,7933,0.0,275.0,360.0,1.0,Urban,N,7933.0,8.978912601074276,763.8888888888889,1.1555107357451992,34.665322072355984,Medium,8.978912601074276,0.0,5.62040086571715
Male,Yes,1,Graduate,No,3089,1280.0,121.0,360.0,0.0,Semiurban,N,4369.0,8.382518288089635,336.1111111111111,0.9231708247501335,27.695124742504007,Medium,8.035926369891792,7.155396301896734,4.804021044733257
Male,Yes,2,Graduate,No,4167,1447.0,158.0,360.0,1.0,Rural,Y,5614.0,8.633196867172543,438.8888888888889,0.9381308633178959,28.14392589953687,Medium,8.335191583433202,7.277938572945661,5.0689042022202315
Male,Yes,0,Graduate,No,9323,0.0,75.0,180.0,1.0,Urban,Y,9323.0,9.140347000155648,416.6666666666667,0.5363080553469913,8.04462083020487,High,9.140347000155648,0.0,4.330733340286331
Male,Yes,0,Graduate,No,3707,3166.0,182.0,360.0,1.0,Rural,Y,6873.0,8.835501457409778,505.55555555555554,0.8826810223580193,26.480430670740578,Medium,8.218247926685745,8.06054004653864,5.209486152841421
Female,Yes,0,Graduate,No,4583,0.0,112.0,360.0,1.0,Rural,N,4583.0,8.430327258394575,311.1111111111111,0.8146046985235289,24.43814095570587,Medium,8.430327258394575,0.0,4.727387818712341
Male,Yes,0,Graduate,No,2439,3333.0,129.0,360.0,1.0,Rural,Y,5772.0,8.660947155060933,358.3333333333333,0.7449757449757449,22.34927234927235,Medium,7.799753318287247,8.111928063310739,4.867534450455582
Male,No,0,Graduate,No,2237,0.0,63.0,480.0,0.0,Semiurban,N,2237.0,7.71333788887187,131.25,0.7040679481448369,28.162717925793473,Low,7.71333788887187,0.0,4.1588830833596715
Male,Yes,2,Graduate,No,8000,0.0,200.0,360.0,1.0,Semiurban,Y,8000.0,8.987321812850125,555.5555555555555,0.8333333333333334,25.0,Medium,8.987321812850125,0.0,5.303304908059076
Male,Yes,0,Not Graduate,No,1820,1769.0,95.0,360.0,1.0,Rural,Y,3589.0,8.185907481482324,263.8888888888889,0.8823256245936659,26.469768737809975,Low,7.507141079727608,7.478734825567875,4.564348191467836
Male,Yes,3,Graduate,No,51763,0.0,700.0,300.0,1.0,Urban,Y,51763.0,10.85445020594156,2333.3333333333335,0.5409269169097619,13.523172922744045,High,10.85445020594156,0.0,6.55250788703459
Male,Yes,3,Not Graduate,No,3522,0.0,81.0,180.0,1.0,Rural,N,3522.0,8.167068178341237,450.0,1.5332197614991483,22.998296422487222,Low,8.167068178341237,0.0,4.406719247264253
Male,Yes,0,Graduate,No,5708,5625.0,187.0,360.0,1.0,Semiurban,Y,11333.0,9.335562336729565,519.4444444444445,0.5500161769463808,16.500485308391422,High,8.64979915596426,8.635153989049803,5.236441962829949
Male,Yes,0,Not Graduate,Yes,4344,736.0,87.0,360.0,1.0,Semiurban,N,5080.0,8.533263371593732,241.66666666666666,0.5708661417322834,17.125984251968504,Medium,8.376781037699493,6.602587892189336,4.477336814478207
Male,Yes,0,Graduate,No,3497,1964.0,116.0,360.0,1.0,Rural,Y,5461.0,8.60557030203365,322.22222222222223,0.7080510285051578,21.241530855154732,Medium,8.159946655578548,7.583247524303362,4.762173934797756
Male,Yes,2,Graduate,No,2045,1619.0,101.0,360.0,1.0,Rural,Y,3664.0,8.206583614320753,280.55555555555554,0.9188500727802038,27.565502183406114,Low,7.6236419465115715,7.3901814282264295,4.624972813284271
Male,Yes,3,Graduate,No,5516,11300.0,495.0,360.0,0.0,Semiurban,N,16816.0,9.73014555852275,1375.0,0.9812083729781161,29.436251189343484,High,8.61558951327243,9.332646496360152,6.206575926724928
Male,Yes,1,Graduate,No,3750,0.0,116.0,360.0,1.0,Semiurban,Y,3750.0,8.229777750081887,322.22222222222223,1.031111111111111,30.933333333333334,Low,8.229777750081887,0.0,4.762173934797756
Male,No,0,Not Graduate,No,2333,1451.0,102.0,480.0,0.0,Urban,N,3784.0,8.23880116587155,212.5,0.6738900634249472,26.955602536997887,Low,7.755338812846501,7.280697195384741,4.634728988229636
Male,Yes,1,Graduate,No,6400,7250.0,180.0,360.0,0.0,Urban,N,13650.0,9.521568058002977,500.0,0.43956043956043955,13.186813186813186,High,8.764209507142004,8.888894669371593,5.198497031265826
Male,No,0,Graduate,No,1916,5063.0,67.0,360.0,1.0,Rural,N,6979.0,8.850804195756417,186.11111111111111,0.32000764197353965,9.60022925920619,Medium,7.558516743045645,8.529911963824013,4.219507705176107
Male,Yes,0,Graduate,No,4600,0.0,73.0,180.0,1.0,Semiurban,Y,4600.0,8.434028950155469,405.55555555555554,1.0579710144927537,15.869565217391305,Medium,8.434028950155469,0.0,4.30406509320417
Male,Yes,1,Graduate,No,33846,0.0,260.0,360.0,1.0,Semiurban,N,33846.0,10.429605648120413,722.2222222222222,0.2560617699777423,7.68185309933227,High,10.429605648120413,0.0,5.564520407322694
Female,Yes,0,Graduate,No,3625,0.0,108.0,360.0,1.0,Semiurban,Y,3625.0,8.195885391314796,300.0,0.9931034482758622,29.79310344827586,Low,8.195885391314796,0.0,4.6913478822291435
Male,Yes,0,Graduate,Yes,39147,4750.0,120.0,360.0,1.0,Semiurban,Y,43897.0,10.6896240399389,333.3333333333333,0.09112240016402032,2.7336720049206096,High,10.57510461454571,8.46611040118692,4.795790545596741
Male,Yes,1,Graduate,Yes,2178,0.0,66.0,300.0,0.0,Rural,N,2178.0,7.68662133494462,220.0,1.2121212121212122,30.303030303030305,Low,7.68662133494462,0.0,4.204692619390966
Male,Yes,0,Graduate,No,2383,2138.0,58.0,360.0,1.0,Rural,Y,4521.0,8.416709652837914,161.11111111111111,0.4276340042763401,12.829020128290201,Medium,7.776535028185241,7.668093709082406,4.07753744390572
Male,Yes,0,Graduate,Yes,674,5296.0,168.0,360.0,1.0,Rural,Y,5970.0,8.694669696546992,466.6666666666667,0.9380234505862647,28.14070351758794,Medium,6.51471269087253,8.574895901544526,5.1298987149230735
Male,Yes,0,Graduate,No,9328,0.0,188.0,180.0,1.0,Rural,Y,9328.0,9.140883106960962,1044.4444444444443,1.3436249285305888,20.154373927958833,High,9.140883106960962,0.0,5.241747015059643
Male,No,0,Not Graduate,No,4885,0.0,48.0,360.0,1.0,Rural,Y,4885.0,8.494129251817686,133.33333333333334,0.32753326509723646,9.825997952917094,Medium,8.494129251817686,0.0,3.8918202981106265
Male,No,0,Graduate,No,12000,0.0,164.0,360.0,1.0,Semiurban,N,12000.0,9.392745258631441,455.55555555555554,0.45555555555555555,13.666666666666666,High,9.392745258631441,0.0,5.10594547390058
Male,Yes,0,Not Graduate,No,6033,0.0,160.0,360.0,1.0,Urban,N,6033.0,8.705165419719007,444.44444444444446,0.8840267418089397,26.52080225426819,Medium,8.705165419719007,0.0,5.081404364984463
Male,No,0,Graduate,No,3858,0.0,76.0,360.0,1.0,Semiurban,Y,3858.0,8.258163361537619,211.11111111111111,0.6566442025228961,19.699326075686884,Low,8.258163361537619,0.0,4.343805421853684
Male,No,0,Graduate,No,4191,0.0,120.0,360.0,1.0,Rural,Y,4191.0,8.340933226000878,333.3333333333333,0.954426151276545,28.63278453829635,Medium,8.340933226000878,0.0,4.795790545596741
Male,Yes,1,Graduate,No,3125,2583.0,170.0,360.0,1.0,Semiurban,N,5708.0,8.64979915596426,472.22222222222223,0.9927587012380285,29.782761037140855,Medium,8.047509510981422,7.857093864902493,5.14166355650266
Male,No,0,Graduate,No,8333,3750.0,187.0,360.0,1.0,Rural,Y,12083.0,9.399637542506563,519.4444444444445,0.515876300035863,15.476289001075891,High,9.0280988119824,8.229777750081887,5.236441962829949
Female,No,0,Not Graduate,No,1907,2365.0,120.0,360.0,1.0,Urban,Y,4272.0,8.360071435644025,333.3333333333333,0.9363295880149812,28.089887640449437,Medium,7.553810852008231,7.768956044538332,4.795790545596741
Female,Yes,0,Graduate,No,3416,2816.0,113.0,360.0,1.0,Semiurban,Y,6232.0,8.73761303680885,313.8888888888889,0.6044073598630724,18.13222079589217,Medium,8.136518252115291,7.943427767876373,4.736198448394496
Male,No,0,Graduate,Yes,11000,0.0,83.0,360.0,1.0,Urban,N,11000.0,9.305741456739435,230.55555555555554,0.2515151515151515,7.545454545454546,High,9.305741456739435,0.0,4.430816798843313
Male,Yes,1,Not Graduate,No,2600,2500.0,90.0,360.0,1.0,Semiurban,Y,5100.0,8.537191877922927,250.0,0.5882352941176471,17.647058823529413,Medium,7.8636512654486515,7.824445930877619,4.51085950651685
Male,No,2,Graduate,No,4923,0.0,166.0,360.0,0.0,Semiurban,Y,4923.0,8.501876487304344,461.1111111111111,1.1239758954566998,33.719276863701,Medium,8.501876487304344,0.0,5.117993812416755
Male,Yes,3,Not Graduate,No,3992,0.0,128.0,180.0,1.0,Urban,N,3992.0,8.292298107063221,711.1111111111111,2.1376085504342015,32.06412825651302,Low,8.292298107063221,0.0,4.859812404361672
Male,Yes,1,Not Graduate,No,3500,1083.0,135.0,360.0,1.0,Urban,Y,4583.0,8.430327258394575,375.0,0.9818895919703251,29.456687759109755,Medium,8.160803920954665,6.988413181999592,4.912654885736052
Male,Yes,2,Not Graduate,No,3917,0.0,124.0,360.0,1.0,Semiurban,Y,3917.0,8.273336598504486,344.44444444444446,1.0552293421836438,31.65688026550932,Low,8.273336598504486,0.0,4.8283137373023015
Female,No,0,Not Graduate,No,4408,0.0,120.0,360.0,1.0,Semiurban,Y,4408.0,8.391403185357937,333.3333333333333,0.9074410163339383,27.22323049001815,Medium,8.391403185357937,0.0,4.795790545596741
Female,No,0,Graduate,No,3244,0.0,80.0,360.0,1.0,Urban,Y,3244.0,8.08487062913819,222.22222222222223,0.8220304151253597,24.66091245376079,Low,8.08487062913819,0.0,4.394449154672439
Male,No,0,Not Graduate,No,3975,2531.0,55.0,360.0,1.0,Rural,Y,6506.0,8.780633799494984,152.77777777777777,0.2817911671277795,8.453735013833384,Medium,8.288031567776464,7.836764783264067,4.02535169073515
Male,No,0,Graduate,No,2479,0.0,59.0,360.0,1.0,Urban,Y,2479.0,7.8160138391590275,163.88888888888889,0.7933306440769127,23.79991932230738,Low,7.8160138391590275,0.0,4.0943445622221
Male,No,0,Graduate,No,3418,0.0,127.0,360.0,1.0,Semiurban,N,3418.0,8.137103389639302,352.77777777777777,1.2385410571484299,37.15623171445289,Low,8.137103389639302,0.0,4.852030263919617
Female,No,0,Graduate,No,10000,0.0,214.0,360.0,1.0,Semiurban,N,10000.0,9.210440366976517,594.4444444444445,0.7133333333333333,21.4,High,9.210440366976517,0.0,5.3706380281276624
Male,Yes,3,Graduate,No,3430,1250.0,128.0,360.0,0.0,Semiurban,N,4680.0,8.45126704130007,355.55555555555554,0.9116809116809117,27.35042735042735,Medium,8.14060704285845,7.1316985104669115,4.859812404361672
Male,Yes,1,Graduate,Yes,7787,0.0,240.0,360.0,1.0,Urban,Y,7787.0,8.960339366492091,666.6666666666666,1.0273532811095416,30.820598433286246,Medium,8.960339366492091,0.0,5.484796933490655
Male,Yes,3,Not Graduate,Yes,5703,0.0,130.0,360.0,1.0,Rural,Y,5703.0,8.648922962094131,361.1111111111111,0.7598340054941843,22.79502016482553,Medium,8.648922962094131,0.0,4.875197323201151
Male,Yes,0,Graduate,No,3173,3021.0,137.0,360.0,1.0,Urban,Y,6194.0,8.731497794063243,380.55555555555554,0.7372726294263265,22.118178882789795,Medium,8.062747901086354,8.013674142832684,4.927253685157205
Male,Yes,3,Not Graduate,No,3850,983.0,100.0,360.0,1.0,Semiurban,Y,4833.0,8.483429561263428,277.77777777777777,0.6897027381198704,20.69108214359611,Medium,8.25608813381491,6.891625897052253,4.61512051684126
Male,Yes,0,Graduate,No,150,1800.0,135.0,360.0,1.0,Rural,N,1950.0,7.576097340623111,375.0,2.3076923076923075,69.23076923076923,Low,5.017279836814924,7.496097345175956,4.912654885736052
Male,Yes,0,Graduate,No,3727,1775.0,131.0,360.0,1.0,Semiurban,Y,5502.0,8.613048677059759,363.8888888888889,0.7936507936507937,23.80952380952381,Medium,8.223627175805483,7.4821189235521155,4.882801922586371
Male,Yes,2,Graduate,No,5000,0.0,72.0,360.0,0.0,Semiurban,N,5000.0,8.517393171418904,200.0,0.48,14.4,Medium,8.517393171418904,0.0,4.290459441148391
Female,Yes,2,Graduate,No,4283,2383.0,127.0,360.0,1.0,Semiurban,Y,6666.0,8.80492526261806,352.77777777777777,0.635063506350635,19.05190519051905,Medium,8.36264243156764,7.776535028185241,4.852030263919617
Male,Yes,0,Graduate,No,2221,0.0,60.0,360.0,0.0,Urban,N,2221.0,7.706162970199576,166.66666666666666,0.9004952723998199,27.014858171994597,Low,7.706162970199576,0.0,4.110873864173311
Male,Yes,2,Graduate,No,4009,1717.0,116.0,360.0,1.0,Semiurban,Y,5726.0,8.652947112393857,322.22222222222223,0.6752823378740249,20.258470136220748,Medium,8.296546520300614,7.4489161025442,4.762173934797756
Male,No,0,Graduate,No,2971,2791.0,144.0,360.0,1.0,Semiurban,Y,5762.0,8.659213451436667,400.0,0.8330440819160013,24.99132245748004,Medium,7.99699040583765,7.934513463882263,4.976733742420574
Male,Yes,0,Graduate,No,7578,1010.0,175.0,360.0,1.0,Semiurban,Y,8588.0,9.058237593766226,486.1111111111111,0.6792423536717901,20.3772706101537,High,8.93313654381203,6.918695219020472,5.170483995038151
Male,Yes,0,Graduate,No,6250,0.0,128.0,360.0,1.0,Semiurban,Y,6250.0,8.740496729931813,355.55555555555554,0.6826666666666666,20.48,Medium,8.740496729931813,0.0,4.859812404361672
Male,Yes,0,Graduate,No,3250,0.0,170.0,360.0,1.0,Rural,N,3250.0,8.086717920303906,472.22222222222223,1.7435897435897438,52.30769230769231,Low,8.086717920303906,0.0,5.14166355650266
Male,Yes,0,Not Graduate,Yes,4735,0.0,138.0,360.0,1.0,Urban,N,4735.0,8.462948176563842,383.3333333333333,0.9714889123548046,29.14466737064414,Medium,8.462948176563842,0.0,4.9344739331306915
Male,Yes,2,Graduate,No,6250,1695.0,210.0,360.0,1.0,Semiurban,Y,7945.0,8.980423936374544,583.3333333333334,0.8810572687224669,26.431718061674008,Medium,8.740496729931813,7.4360278163518485,5.351858133476067
Male,Yes,0,Graduate,No,4758,0.0,158.0,480.0,1.0,Semiurban,Y,4758.0,8.46779284112111,329.1666666666667,0.8301807482135352,33.2072299285414,Medium,8.46779284112111,0.0,5.0689042022202315
Male,No,0,Graduate,Yes,6400,0.0,200.0,360.0,1.0,Rural,Y,6400.0,8.764209507142004,555.5555555555555,1.0416666666666665,31.25,Medium,8.764209507142004,0.0,5.303304908059076
Male,Yes,1,Graduate,No,2491,2054.0,104.0,360.0,1.0,Semiurban,Y,4545.0,8.422003004412488,288.8888888888889,0.7627429409607628,22.882288228822883,Medium,7.820840879907344,7.628031126930335,4.653960350157523
Male,Yes,0,Graduate,No,3716,0.0,42.0,180.0,1.0,Rural,Y,3716.0,8.220672170297252,233.33333333333334,0.7534983853606028,11.302475780409042,Low,8.220672170297252,0.0,3.7612001156935624
Male,No,0,Not Graduate,No,3189,2598.0,120.0,360.0,1.0,Rural,Y,5787.0,8.663542087751374,333.3333333333333,0.6912044237083117,20.73613271124935,Medium,8.06777619577889,7.8628820346414905,4.795790545596741
Female,No,0,Graduate,No,8333,0.0,280.0,360.0,1.0,Semiurban,Y,8333.0,9.0280988119824,777.7777777777778,1.1200448017920719,33.60134405376215,High,9.0280988119824,0.0,5.638354669333745
Male,Yes,1,Graduate,No,3155,1779.0,140.0,360.0,1.0,Semiurban,Y,4934.0,8.504107951867582,388.8888888888889,0.9458181326847723,28.37454398054317,Medium,8.057060681965766,7.484368643286131,4.948759890378168
Male,Yes,1,Graduate,No,5500,1260.0,170.0,360.0,1.0,Rural,Y,6760.0,8.818926087090677,472.22222222222223,0.8382642998027613,25.14792899408284,Medium,8.612685172875459,7.13966033596492,5.14166355650266
Male,Yes,0,Graduate,No,5746,0.0,255.0,360.0,1.0,Urban,N,5746.0,8.656433258507741,708.3333333333334,1.4792899408284026,44.37869822485207,Medium,8.656433258507741,0.0,5.545177444479562
Female,No,0,Graduate,Yes,3463,0.0,122.0,360.0,1.0,Urban,Y,3463.0,8.150179269682326,338.8888888888889,1.1743189912407355,35.229569737222064,Low,8.150179269682326,0.0,4.812184355372417
Female,No,1,Graduate,No,3812,0.0,112.0,360.0,1.0,Rural,Y,3812.0,8.246171559857563,311.1111111111111,0.9793634137810422,29.38090241343127,Low,8.246171559857563,0.0,4.727387818712341
Male,Yes,1,Graduate,No,3315,0.0,96.0,360.0,1.0,Semiurban,Y,3315.0,8.106514516255185,266.6666666666667,0.9653092006033184,28.959276018099548,Low,8.106514516255185,0.0,4.574710978503383
Male,Yes,2,Graduate,No,5819,5000.0,120.0,360.0,1.0,Rural,Y,10819.0,9.289151552400472,333.3333333333333,0.36971993714761064,11.09159811442832,High,8.669055540725484,8.517393171418904,4.795790545596741
Male,Yes,1,Not Graduate,No,2510,1983.0,140.0,180.0,1.0,Urban,N,4493.0,8.410498452745275,777.7777777777778,2.077305438088879,31.159581571333185,Medium,7.828436359157585,7.592870287844818,4.948759890378168
Male,No,0,Graduate,No,2965,5701.0,155.0,60.0,1.0,Urban,Y,8666.0,9.067277989134345,2583.3333333333335,3.577198246018925,17.88599123009462,High,7.994969522697877,8.648572269472618,5.049856007249537
Male,Yes,2,Graduate,Yes,6250,1300.0,108.0,360.0,1.0,Rural,Y,7550.0,8.929435283803425,300.0,0.4768211920529802,14.304635761589404,Medium,8.740496729931813,7.170888478512505,4.6913478822291435
Male,Yes,0,Not Graduate,No,3406,4417.0,123.0,360.0,1.0,Semiurban,Y,7823.0,8.964951211714654,341.6666666666667,0.5240956154927777,15.722868464783332,Medium,8.133587417660966,8.393442383980062,4.820281565605037
Male,No,0,Graduate,Yes,6050,4333.0,120.0,180.0,1.0,Urban,N,10383.0,9.248021438943871,666.6666666666666,0.7704902244052778,11.557353366079168,High,8.707978826622321,8.374246182096304,4.795790545596741
Male,Yes,2,Graduate,No,9703,0.0,112.0,360.0,1.0,Urban,Y,9703.0,9.180293450623886,311.1111111111111,0.3847607269229447,11.542821807688345,High,9.180293450623886,0.0,4.727387818712341
Male,Yes,1,Not Graduate,No,6608,0.0,137.0,180.0,1.0,Urban,Y,6608.0,8.796187635470453,761.1111111111111,1.3821630347054077,20.732445520581113,Medium,8.796187635470453,0.0,4.927253685157205
Male,Yes,1,Graduate,No,2882,1843.0,123.0,480.0,1.0,Semiurban,Y,4725.0,8.460834457746854,256.25,0.6507936507936508,26.03174603174603,Medium,7.9665866976384025,7.519692404116539,4.820281565605037
Male,Yes,0,Graduate,No,1809,1868.0,90.0,360.0,1.0,Urban,Y,3677.0,8.210124405164267,250.0,0.8158825129181397,24.476475387544195,Low,7.501082124259871,7.533158807455563,4.51085950651685
Male,Yes,0,Not Graduate,No,1668,3890.0,201.0,360.0,0.0,Semiurban,N,5558.0,8.62317351495347,558.3333333333334,1.2054695933789132,36.1640878013674,Medium,7.419979923661835,8.266421472984554,5.308267697401205
Female,No,2,Graduate,No,3427,0.0,138.0,360.0,1.0,Urban,N,3427.0,8.13973227971767,383.3333333333333,1.342281879194631,40.26845637583892,Low,8.13973227971767,0.0,4.9344739331306915
Male,No,0,Not Graduate,Yes,2583,2167.0,104.0,360.0,1.0,Rural,Y,4750.0,8.46611040118692,288.8888888888889,0.7298245614035088,21.894736842105264,Medium,7.857093864902493,7.681560362559537,4.653960350157523
Male,Yes,1,Not Graduate,No,2661,7101.0,279.0,180.0,1.0,Semiurban,Y,9762.0,9.186355009225672,1550.0,1.9053472649047327,28.58020897357099,High,7.8868329989550565,8.868131713503033,5.634789603169249
Male,No,0,Graduate,Yes,16250,0.0,192.0,360.0,0.0,Urban,N,16250.0,9.69590972432601,533.3333333333334,0.39384615384615385,11.815384615384616,High,9.69590972432601,0.0,5.262690188904886
Female,No,3,Graduate,No,3083,0.0,255.0,360.0,1.0,Rural,Y,3083.0,8.03398273468322,708.3333333333334,2.7570548167369444,82.71164450210834,Low,8.03398273468322,0.0,5.545177444479562
Male,No,0,Not Graduate,No,6045,0.0,115.0,360.0,0.0,Rural,N,6045.0,8.707152175339404,319.44444444444446,0.6341328921974083,19.02398676592225,Medium,8.707152175339404,0.0,4.7535901911063645
Male,Yes,3,Graduate,No,5250,0.0,94.0,360.0,1.0,Urban,N,5250.0,8.566173813637858,261.1111111111111,0.5968253968253968,17.904761904761905,Medium,8.566173813637858,0.0,4.553876891600541
Male,Yes,0,Graduate,No,14683,2100.0,304.0,360.0,1.0,Rural,N,16783.0,9.728181330636078,844.4444444444445,0.6037855766748099,18.113567300244295,High,9.594513744616725,7.650168700845001,5.720311776607412
Male,Yes,3,Not Graduate,No,4931,0.0,128.0,360.0,1.0,Semiurban,N,4931.0,8.503499864284235,355.55555555555554,0.8652741161360102,25.958223484080307,Medium,8.503499864284235,0.0,4.859812404361672
Male,Yes,1,Graduate,No,6083,4250.0,330.0,360.0,1.0,Urban,Y,10333.0,9.24319470884713,916.6666666666666,1.0645504693699797,31.93651408109939,High,8.713417653379183,8.35490952835879,5.802118375377063
Male,No,0,Graduate,No,2060,2209.0,134.0,360.0,1.0,Semiurban,Y,4269.0,8.35936910622267,372.22222222222223,1.046302803154525,31.389084094635745,Medium,7.630946580890459,7.700747794511798,4.90527477843843
Female,No,1,Graduate,No,3481,0.0,155.0,36.0,1.0,Semiurban,N,3481.0,8.155362120328135,4305.555555555556,14.8424782150723,44.52743464521689,Low,8.155362120328135,0.0,5.049856007249537
Female,No,0,Graduate,No,7200,0.0,120.0,360.0,1.0,Rural,Y,7200.0,8.881975184248867,333.3333333333333,0.5555555555555555,16.666666666666668,Medium,8.881975184248867,0.0,4.795790545596741
Male,No,0,Graduate,Yes,5166,0.0,128.0,360.0,1.0,Semiurban,Y,5166.0,8.550047528287184,355.55555555555554,0.8259130210349722,24.77739063104917,Medium,8.550047528287184,0.0,4.859812404361672
Male,No,0,Graduate,No,4095,3447.0,151.0,360.0,1.0,Rural,Y,7542.0,8.928375259853631,419.44444444444446,0.6673738177318129,20.02121453195439,Medium,8.317766166719343,8.145549631783584,5.0238805208462765
Male,Yes,2,Graduate,No,4708,1387.0,150.0,360.0,1.0,Semiurban,Y,6095.0,8.715388097366482,416.6666666666667,0.8203445447087777,24.61033634126333,Medium,8.457230850243555,7.23561914106675,5.017279836814924
Male,Yes,3,Graduate,No,4333,1811.0,160.0,360.0,0.0,Urban,Y,6144.0,8.723394022000136,444.44444444444446,0.8680555555555556,26.041666666666668,Medium,8.374246182096304,7.502186486602924,5.081404364984463
Female,No,0,Graduate,No,3418,0.0,135.0,360.0,1.0,Rural,N,3418.0,8.137103389639302,375.0,1.3165593914569924,39.496781743709775,Low,8.137103389639302,0.0,4.912654885736052
Female,No,1,Graduate,No,2876,1560.0,90.0,360.0,1.0,Urban,Y,4436.0,8.39773375137891,250.0,0.6762849413886384,20.288548241659154,Medium,7.964503363551548,7.353081920515432,4.51085950651685
Female,No,0,Graduate,No,3237,0.0,30.0,360.0,1.0,Urban,Y,3237.0,8.08271113423758,83.33333333333333,0.3089280197713932,9.267840593141798,Low,8.08271113423758,0.0,3.4339872044851463
Male,Yes,0,Graduate,No,11146,0.0,136.0,360.0,1.0,Urban,Y,11146.0,9.318925682389624,377.77777777777777,0.40672289012500745,12.201686703750225,High,9.318925682389624,0.0,4.919980925828125
Male,No,0,Graduate,No,2833,1857.0,126.0,360.0,1.0,Rural,Y,4690.0,8.453401058328458,350.0,0.8955223880597015,26.865671641791046,Medium,7.949444420250626,7.527255919373784,4.844187086458591
Male,Yes,0,Graduate,No,2620,2223.0,150.0,360.0,1.0,Semiurban,Y,4843.0,8.485496104672983,416.6666666666667,1.0324179227751396,30.97253768325418,Medium,7.8713112033234065,7.707062655370473,5.017279836814924
Male,Yes,2,Graduate,No,3900,0.0,90.0,360.0,1.0,Semiurban,Y,3900.0,8.268988209506656,250.0,0.7692307692307693,23.076923076923077,Low,8.268988209506656,0.0,4.51085950651685
Male,Yes,1,Graduate,No,2750,1842.0,115.0,360.0,1.0,Semiurban,Y,4592.0,8.432288684325794,319.44444444444446,0.8347851335656213,25.04355400696864,Medium,7.919719760924575,7.519149957669823,4.7535901911063645
Male,Yes,0,Graduate,No,3993,3274.0,207.0,360.0,1.0,Semiurban,Y,7267.0,8.891236429516061,575.0,0.9494977294619512,28.48493188385854,Medium,8.29254851397576,8.094073148069352,5.337538079701318
Male,Yes,0,Graduate,No,3103,1300.0,80.0,360.0,1.0,Urban,Y,4403.0,8.390268497842571,222.22222222222223,0.6056476644711939,18.169429934135817,Medium,8.04044688130311,7.170888478512505,4.394449154672439
Male,Yes,0,Graduate,No,14583,0.0,436.0,360.0,1.0,Semiurban,Y,14583.0,9.5876803163585,1211.111111111111,0.9965942078676083,29.89782623602825,High,9.5876803163585,0.0,6.07993319509559
Female,Yes,0,Not Graduate,No,4100,0.0,124.0,360.0,1.0,Rural,Y,4100.0,8.31898612539206,344.44444444444446,1.008130081300813,30.24390243902439,Medium,8.31898612539206,0.0,4.8283137373023015
Male,No,1,Not Graduate,Yes,4053,2426.0,158.0,360.0,0.0,Urban,N,6479.0,8.776475789346321,438.8888888888889,0.8128826464989454,24.386479394968358,Medium,8.307459327011946,7.794411205726601,5.0689042022202315
Male,Yes,0,Graduate,No,3927,800.0,112.0,360.0,1.0,Semiurban,Y,4727.0,8.461257559085935,311.1111111111111,0.7897891545025032,23.6936746350751,Medium,8.275885669474356,6.68586094706836,4.727387818712341
Male,Yes,2,Graduate,No,2301,985.7999878,78.0,180.0,1.0,Urban,Y,3286.7999878,8.097973923364721,433.3333333333333,1.5820859253077304,23.731288879615956,Low,7.741533589281828,6.894467372292008,4.3694478524670215
Female,No,0,Graduate,No,1811,1666.0,54.0,360.0,1.0,Urban,Y,3477.0,8.154212694914229,150.0,0.5176876617773943,15.530629853321829,Low,7.502186486602924,7.418780882750794,4.007333185232471
Male,Yes,0,Graduate,No,20667,0.0,128.0,360.0,1.0,Rural,N,20667.0,9.936341889407075,355.55555555555554,0.2064482830922082,6.193448492766246,High,9.936341889407075,0.0,4.859812404361672
Male,No,0,Graduate,No,3158,3053.0,89.0,360.0,1.0,Rural,Y,6211.0,8.734238184268579,247.22222222222223,0.47764718510170123,14.329415553051039,Medium,8.058010800802085,8.024207485778577,4.499809670330265
Female,No,0,Graduate,Yes,2600,1717.0,99.0,300.0,1.0,Semiurban,N,4317.0,8.370547611074752,330.0,0.9173036831132731,22.932592077831828,Medium,7.8636512654486515,7.4489161025442,4.605170185988092
Male,Yes,0,Graduate,No,3704,2000.0,120.0,360.0,1.0,Rural,Y,5704.0,8.649098262296176,333.3333333333333,0.7012622720897616,21.037868162692845,Medium,8.217438537730187,7.601402334583733,4.795790545596741
Female,No,0,Graduate,No,4124,0.0,115.0,360.0,1.0,Semiurban,Y,4124.0,8.324821298768782,319.44444444444446,0.9295182670546395,27.885548011639184,Medium,8.324821298768782,0.0,4.7535901911063645
Male,No,0,Graduate,No,9508,0.0,187.0,360.0,1.0,Rural,Y,9508.0,9.159993997539445,519.4444444444445,0.6555882765390548,19.667648296171645,High,9.159993997539445,0.0,5.236441962829949
Male,Yes,0,Graduate,No,3075,2416.0,139.0,360.0,1.0,Rural,Y,5491.0,8.61104776688786,386.1111111111111,0.8438050142657683,25.314150427973047,Medium,8.031385330625534,7.790282380703483,4.941642422609304
Male,Yes,2,Graduate,No,4400,0.0,127.0,360.0,0.0,Semiurban,N,4400.0,8.38958706681109,352.77777777777777,0.962121212121212,28.863636363636363,Medium,8.38958706681109,0.0,4.852030263919617
Male,Yes,2,Graduate,No,3153,1560.0,134.0,360.0,1.0,Urban,Y,4713.0,8.458292083496076,372.22222222222223,0.9477332201711578,28.431996605134735,Medium,8.056426767522984,7.353081920515432,4.90527477843843
Female,No,0,Graduate,No,5417,0.0,143.0,480.0,0.0,Urban,N,5417.0,8.59748202264504,297.9166666666667,0.6599593871146391,26.398375484585564,Medium,8.59748202264504,0.0,4.969813299576001
Male,Yes,0,Graduate,No,2383,3334.0,172.0,360.0,1.0,Semiurban,Y,5717.0,8.651374372882257,477.77777777777777,1.0028569762696051,30.085709288088157,Medium,7.776535028185241,8.112227958349724,5.153291594497779
Male,Yes,3,Graduate,No,4416,1250.0,110.0,360.0,1.0,Urban,Y,5666.0,8.64241515616962,305.55555555555554,0.647134957053771,19.41404871161313,Medium,8.393216011596527,7.1316985104669115,4.709530201312334
Male,Yes,1,Graduate,No,6875,0.0,200.0,360.0,1.0,Semiurban,Y,6875.0,8.83579236650274,555.5555555555555,0.9696969696969697,29.09090909090909,Medium,8.83579236650274,0.0,5.303304908059076
Female,Yes,1,Graduate,No,4666,0.0,135.0,360.0,1.0,Urban,Y,4666.0,8.448271745949816,375.0,0.9644234890698672,28.932704672096015,Medium,8.448271745949816,0.0,4.912654885736052
Female,No,0,Graduate,No,5000,2541.0,151.0,480.0,1.0,Rural,N,7541.0,8.928242677818302,314.5833333333333,0.5005967378331786,20.023869513327146,Medium,8.517393171418904,7.8407064517494,5.0238805208462765
Male,Yes,1,Graduate,No,2014,2925.0,113.0,360.0,1.0,Urban,N,4939.0,8.505120610181969,313.8888888888889,0.7626375109671324,22.87912532901397,Medium,7.608374474380783,7.98139158158007,4.736198448394496
Male,Yes,0,Not Graduate,No,1800,2934.0,93.0,360.0,0.0,Urban,N,4734.0,8.462737005620179,258.3333333333333,0.6548373468525559,19.64512040557668,Medium,7.496097345175956,7.984462732262196,4.543294782270004
Male,Yes,0,Not Graduate,No,2875,1750.0,105.0,360.0,1.0,Semiurban,Y,4625.0,8.439447842791385,291.6666666666667,0.7567567567567568,22.7027027027027,Medium,7.964155718840937,7.467942332285852,4.663439094112067
Female,No,0,Graduate,No,5000,0.0,132.0,360.0,1.0,Rural,Y,5000.0,8.517393171418904,366.6666666666667,0.88,26.4,Medium,8.517393171418904,0.0,4.890349128221754
Male,Yes,1,Graduate,No,1625,1803.0,96.0,360.0,1.0,Urban,Y,3428.0,8.14002395246292,266.6666666666667,0.9334889148191365,28.004667444574096,Low,7.3938782901077555,7.4977617006225685,4.574710978503383
Male,No,0,Graduate,No,4000,2500.0,140.0,360.0,1.0,Rural,Y,6500.0,8.77971129020447,388.8888888888889,0.7179487179487181,21.53846153846154,Medium,8.294299608857235,7.824445930877619,4.948759890378168
Male,No,0,Not Graduate,No,2000,0.0,128.0,360.0,1.0,Urban,N,2000.0,7.601402334583733,355.55555555555554,2.1333333333333333,64.0,Low,7.601402334583733,0.0,4.859812404361672
Female,No,0,Graduate,No,3762,1666.0,135.0,360.0,1.0,Rural,Y,5428.0,8.599510233905452,375.0,0.8290346352247605,24.871039056742816,Medium,8.232971790593437,7.418780882750794,4.912654885736052
Female,No,0,Graduate,No,2400,1863.0,104.0,360.0,0.0,Urban,N,4263.0,8.357962965845681,288.8888888888889,0.813198842755493,24.39596528266479,Medium,7.783640596221253,7.530479995245536,4.653960350157523
Male,No,0,Graduate,No,20233,0.0,480.0,360.0,1.0,Rural,N,20233.0,9.915119636765835,1333.3333333333333,0.7907873276330747,23.72361982899224,High,9.915119636765835,0.0,6.175867270105761
Male,Yes,2,Not Graduate,No,7667,0.0,185.0,360.0,1.0,Rural,Y,7667.0,8.944811104165534,513.8888888888889,0.8043128559627843,24.129385678883526,Medium,8.944811104165534,0.0,5.225746673713202
Female,No,0,Graduate,No,2917,0.0,84.0,360.0,1.0,Semiurban,Y,2917.0,7.978653729082731,233.33333333333334,0.9598902982516284,28.79670894754885,Low,7.978653729082731,0.0,4.442651256490317
Male,No,0,Not Graduate,No,2927,2405.0,111.0,360.0,1.0,Semiurban,Y,5332.0,8.581669210600602,308.3333333333333,0.6939234808702175,20.817704426106527,Medium,7.982074875081202,7.785720896534624,4.718498871295094
Female,No,0,Graduate,No,2507,0.0,56.0,360.0,1.0,Rural,Y,2507.0,7.827240901752812,155.55555555555554,0.7445818375216061,22.337455125648184,Low,7.827240901752812,0.0,4.04305126783455
Male,Yes,2,Graduate,Yes,5746,0.0,144.0,84.0,1.0,Rural,Y,5746.0,8.656433258507741,1714.2857142857142,3.5801302769628562,25.06091193873999,Medium,8.656433258507741,0.0,4.976733742420574
Male,Yes,0,Graduate,No,2473,1843.0,159.0,360.0,1.0,Rural,N,4316.0,8.370315995555478,441.6666666666667,1.2279888785912882,36.83966635773864,Medium,7.813591552952433,7.519692404116539,5.075173815233827
Male,Yes,1,Not Graduate,No,3399,1640.0,111.0,180.0,1.0,Urban,Y,5039.0,8.525161361065415,616.6666666666666,1.4685453462988687,22.02818019448303,Medium,8.131530710604252,7.403061091090091,4.718498871295094
Male,Yes,2,Graduate,No,3717,0.0,120.0,360.0,1.0,Semiurban,Y,3717.0,8.220941168281389,333.3333333333333,1.0761366693570082,32.28410008071025,Low,8.220941168281389,0.0,4.795790545596741
Male,Yes,0,Graduate,No,2058,2134.0,88.0,360.0,1.0,Urban,Y,4192.0,8.341171747170762,244.44444444444446,0.6997455470737914,20.99236641221374,Medium,7.629975707027789,7.666221925662725,4.48863636973214
Female,No,1,Graduate,No,3541,0.0,112.0,360.0,1.0,Semiurban,Y,3541.0,8.17244681834278,311.1111111111111,1.054316106561235,31.62948319683705,Low,8.17244681834278,0.0,4.727387818712341
Male,Yes,1,Graduate,Yes,10000,0.0,155.0,360.0,1.0,Rural,N,10000.0,9.210440366976517,430.55555555555554,0.5166666666666666,15.5,High,9.210440366976517,0.0,5.049856007249537
Male,Yes,0,Graduate,No,2400,2167.0,115.0,360.0,1.0,Semiurban,Y,4567.0,8.426830751335846,319.44444444444446,0.8393547916210496,25.180643748631486,Medium,7.783640596221253,7.681560362559537,4.7535901911063645
Male,Yes,3,Graduate,No,4342,189.0,124.0,360.0,1.0,Semiurban,Y,4531.0,8.418918622147897,344.44444444444446,0.9122342382108439,27.367027146325313,Medium,8.376320632534823,5.247024072160486,4.8283137373023015
Male,Yes,2,Not Graduate,No,3601,1590.0,128.0,360.0,1.0,Rural,Y,5191.0,8.554874258383926,355.55555555555554,0.8219354010145765,24.658062030437296,Medium,8.189244525735901,7.372118028337787,4.859812404361672
Female,No,0,Graduate,No,3166,2985.0,132.0,360.0,1.0,Rural,Y,6151.0,8.72453251118548,366.6666666666667,0.7153308405137376,21.459925215412127,Medium,8.06054004653864,8.001689978099135,4.890349128221754
Male,Yes,3,Graduate,No,15000,0.0,300.0,360.0,1.0,Rural,Y,15000.0,9.61587214452889,833.3333333333334,0.6666666666666667,20.0,High,9.61587214452889,0.0,5.707110264748875
Male,Yes,1,Graduate,Yes,8666,4983.0,376.0,360.0,0.0,Rural,N,13649.0,9.521494800613105,1044.4444444444443,0.9182601900017093,27.547805700051285,High,9.067277989134345,8.51398806046729,5.932245187448011
Male,No,0,Graduate,No,4917,0.0,130.0,360.0,0.0,Rural,Y,4917.0,8.500657222776137,361.1111111111111,0.881296183309606,26.438885499288183,Medium,8.500657222776137,0.0,4.875197323201151
Male,Yes,0,Graduate,Yes,5818,2160.0,184.0,360.0,1.0,Semiurban,Y,7978.0,8.984568369308281,511.1111111111111,0.768780813904905,23.063424417147154,Medium,8.66888370465667,7.6783263565068856,5.220355825078324
Female,Yes,0,Graduate,No,4333,2451.0,110.0,360.0,1.0,Urban,N,6784.0,8.82246957226897,305.55555555555554,0.5404874213836477,16.214622641509433,Medium,8.374246182096304,7.804659297056102,4.709530201312334
Female,No,0,Graduate,No,2500,0.0,67.0,360.0,1.0,Urban,Y,2500.0,7.824445930877619,186.11111111111111,0.8933333333333333,26.8,Low,7.824445930877619,0.0,4.219507705176107
Male,No,1,Graduate,No,4384,1793.0,117.0,360.0,1.0,Urban,Y,6177.0,8.728749873478527,325.0,0.6313744536182613,18.94123360854784,Medium,8.385944904806284,7.492203042618741,4.770684624465665
Male,No,0,Graduate,No,2935,0.0,98.0,360.0,1.0,Semiurban,Y,2935.0,7.984803389734406,272.22222222222223,1.1130039750141965,33.3901192504259,Low,7.984803389734406,0.0,4.59511985013459
Male,No,0,Graduate,No,2833,0.0,71.0,360.0,1.0,Urban,Y,2833.0,7.949444420250626,197.22222222222223,0.8353923991057771,25.061771973173315,Low,7.949444420250626,0.0,4.276666119016055
Male,Yes,0,Graduate,No,63337,0.0,490.0,180.0,1.0,Urban,Y,63337.0,11.056240743970491,2722.222222222222,0.515759613917089,7.7363942087563355,High,11.056240743970491,0.0,6.19644412779452
Male,Yes,1,Graduate,Yes,9833,1833.0,182.0,180.0,1.0,Urban,Y,11666.0,9.364519622823858,1011.1111111111111,1.040059431967541,15.600891479513114,High,9.193601047971885,7.51425465281641,5.209486152841421
Male,Yes,0,Graduate,Yes,5503,4490.0,70.0,360.0,1.0,Semiurban,Y,9993.0,9.20974019190415,194.44444444444446,0.23349678108008942,7.004903432402682,High,8.61323037961318,8.409830673087738,4.2626798770413155
Male,Yes,1,Graduate,No,5250,688.0,160.0,360.0,1.0,Rural,Y,5938.0,8.68929604801586,444.44444444444446,0.898169978668463,26.94509936005389,Medium,8.566173813637858,6.535241271013659,5.081404364984463
Male,Yes,2,Graduate,Yes,2500,4600.0,176.0,360.0,1.0,Rural,Y,7100.0,8.867990898182093,488.8888888888889,0.8262910798122066,24.788732394366196,Medium,7.824445930877619,8.434028950155469,5.176149732573829
Female,No,3,Not Graduate,No,1830,0.0,128.0,360.0,0.0,Urban,N,1830.0,7.5126175446745105,355.55555555555554,2.331511839708561,69.94535519125684,Low,7.5126175446745105,0.0,4.859812404361672
Female,No,0,Graduate,No,4160,0.0,71.0,360.0,1.0,Semiurban,Y,4160.0,8.333510708982942,197.22222222222223,0.5689102564102564,17.067307692307693,Medium,8.333510708982942,0.0,4.276666119016055
Male,Yes,3,Not Graduate,No,2647,1587.0,173.0,360.0,1.0,Rural,N,4234.0,8.351138607086154,480.55555555555554,1.3619902377578335,40.859707132735004,Medium,7.881559917056899,7.370230641807081,5.159055299214529
Female,No,0,Graduate,No,2378,0.0,46.0,360.0,1.0,Rural,N,2378.0,7.774435510302958,127.77777777777777,0.6447995514437903,19.343986543313708,Low,7.774435510302958,0.0,3.8501476017100584
Male,Yes,1,Not Graduate,No,4554,1229.0,158.0,360.0,1.0,Urban,Y,5783.0,8.6628507638386,438.8888888888889,0.9107153150037466,27.3214594501124,Medium,8.423980809694058,7.114769448366463,5.0689042022202315
Male,Yes,3,Not Graduate,No,3173,0.0,74.0,360.0,1.0,Semiurban,Y,3173.0,8.062747901086354,205.55555555555554,0.7773925832545434,23.321777497636305,Low,8.062747901086354,0.0,4.31748811353631
Male,Yes,2,Graduate,No,2583,2330.0,125.0,360.0,1.0,Rural,Y,4913.0,8.499843553081124,347.22222222222223,0.8480901010923401,25.4427030327702,Medium,7.857093864902493,7.754052639035757,4.836281906951478
Male,Yes,0,Graduate,No,2499,2458.0,160.0,360.0,1.0,Semiurban,Y,4957.0,8.508757712595136,444.44444444444446,1.075919575011768,32.27758725035304,Medium,7.824046010856292,7.807510042216193,5.081404364984463
Male,Yes,0,Not Graduate,No,3523,3230.0,152.0,360.0,0.0,Rural,N,6753.0,8.817890200945513,422.22222222222223,0.7502838244730737,22.50851473419221,Medium,8.16735198705607,8.080546965824498,5.030437921392435
Male,Yes,2,Not Graduate,No,3083,2168.0,126.0,360.0,1.0,Urban,Y,5251.0,8.566364235422688,350.0,0.7998476480670349,23.995429442011044,Medium,8.03398273468322,7.682021510826875,4.844187086458591
Male,Yes,0,Graduate,No,6333,4583.0,259.0,360.0,1.0,Semiurban,Y,10916.0,9.29807648628027,719.4444444444445,0.7908879931598877,23.72663979479663,High,8.753687227098585,8.430327258394575,5.560681631015528
Male,Yes,0,Graduate,No,2625,6250.0,187.0,360.0,1.0,Rural,Y,8875.0,9.091106284052485,519.4444444444445,0.7023474178403756,21.070422535211268,High,7.873217054862741,8.740496729931813,5.236441962829949
Male,Yes,0,Graduate,No,9083,0.0,228.0,360.0,1.0,Semiurban,Y,9083.0,9.114269903225448,633.3333333333334,0.836727953319388,25.101838599581637,High,9.114269903225448,0.0,5.43372200355424
Male,No,0,Graduate,No,8750,4167.0,308.0,360.0,1.0,Rural,N,12917.0,9.466376966592419,855.5555555555555,0.7948181982400454,23.84454594720136,High,9.076923258535832,8.335191583433202,5.733341276897746
Male,Yes,3,Graduate,No,2666,2083.0,95.0,360.0,1.0,Rural,Y,4749.0,8.465899897028686,263.8888888888889,0.6668070470976346,20.00421141292904,Medium,7.888709524182015,7.642044402873258,4.564348191467836
Female,Yes,0,Graduate,Yes,5500,0.0,105.0,360.0,0.0,Rural,N,5500.0,8.612685172875459,291.6666666666667,0.6363636363636365,19.09090909090909,Medium,8.612685172875459,0.0,4.663439094112067
Female,Yes,0,Graduate,No,2423,505.0,130.0,360.0,1.0,Semiurban,Y,2928.0,7.982416346827733,361.1111111111111,1.4799635701275045,44.39890710382514,Low,7.793174347189205,6.226536669287466,4.875197323201151
Female,No,0,Graduate,No,3813,0.0,116.0,180.0,1.0,Urban,Y,3813.0,8.246433786160365,644.4444444444445,2.028149313751202,30.42223970626803,Low,8.246433786160365,0.0,4.762173934797756
Male,Yes,2,Graduate,No,8333,3167.0,165.0,360.0,1.0,Rural,Y,11500.0,9.350189267092581,458.3333333333333,0.47826086956521735,14.347826086956522,High,9.0280988119824,8.060855752934316,5.111987788356544
Male,Yes,1,Graduate,No,3875,0.0,67.0,360.0,1.0,Urban,N,3875.0,8.262558973010657,186.11111111111111,0.5763440860215053,17.29032258064516,Low,8.262558973010657,0.0,4.219507705176107
Male,Yes,0,Not Graduate,No,3000,1666.0,100.0,480.0,0.0,Urban,N,4666.0,8.448271745949816,208.33333333333334,0.5357908272610373,21.43163309044149,Medium,8.006700845440367,7.418780882750794,4.61512051684126
Male,Yes,3,Graduate,No,5167,3167.0,200.0,360.0,1.0,Semiurban,Y,8334.0,9.028218795184895,555.5555555555555,0.7999360051195904,23.99808015358771,High,8.550241045462437,8.060855752934316,5.303304908059076
Female,No,1,Graduate,No,4723,0.0,81.0,360.0,1.0,Semiurban,N,4723.0,8.460411177317253,225.0,0.5716705483802668,17.150116451408003,Medium,8.460411177317253,0.0,4.406719247264253
Male,Yes,2,Graduate,No,5000,3667.0,236.0,360.0,1.0,Semiurban,Y,8667.0,9.067393362656249,655.5555555555555,0.9076573977923926,27.229721933771778,High,8.517393171418904,8.207401833376355,5.4680601411351315
Male,Yes,0,Graduate,No,4750,2333.0,130.0,360.0,1.0,Urban,Y,7083.0,8.865593998902725,361.1111111111111,0.6117934961645254,18.353804884935762,Medium,8.46611040118692,7.755338812846501,4.875197323201151
Male,Yes,0,Graduate,No,3013,3033.0,95.0,300.0,1.0,Urban,Y,6046.0,8.707317560273212,316.6666666666667,0.628514720476348,15.7128680119087,Medium,8.01102337918644,8.017637159908478,4.564348191467836
Male,No,0,Graduate,Yes,6822,0.0,141.0,360.0,1.0,Rural,Y,6822.0,8.828054536815424,391.6666666666667,0.6889475227206098,20.668425681618295,Medium,8.828054536815424,0.0,4.955827057601261
Male,No,0,Not Graduate,No,6216,0.0,133.0,360.0,1.0,Rural,N,6216.0,8.735042754269337,369.44444444444446,0.7132132132132133,21.396396396396398,Medium,8.735042754269337,0.0,4.897839799950911
Male,No,0,Graduate,No,2500,0.0,96.0,480.0,1.0,Semiurban,N,2500.0,7.824445930877619,200.0,0.96,38.4,Low,7.824445930877619,0.0,4.574710978503383
Male,No,0,Graduate,No,5124,0.0,124.0,360.0,0.0,Rural,N,5124.0,8.54188580400661,344.44444444444446,0.8066614623991674,24.19984387197502,Medium,8.54188580400661,0.0,4.8283137373023015
Male,Yes,1,Graduate,No,6325,0.0,175.0,360.0,1.0,Semiurban,Y,6325.0,8.752423403865594,486.1111111111111,0.9222661396574439,27.66798418972332,Medium,8.752423403865594,0.0,5.170483995038151
Male,Yes,0,Graduate,No,19730,5266.0,570.0,360.0,1.0,Rural,N,24996.0,10.126511096649761,1583.3333333333333,0.7601216194591134,22.803648583773402,High,9.889946281969461,8.569216219483389,6.3473892096560105
Female,No,0,Graduate,Yes,15759,0.0,55.0,360.0,1.0,Semiurban,Y,15759.0,9.66523036341187,152.77777777777777,0.11633563889417686,3.490069166825306,High,9.66523036341187,0.0,4.02535169073515
Male,Yes,2,Graduate,No,5185,0.0,155.0,360.0,1.0,Semiurban,Y,5185.0,8.55371796609861,430.55555555555554,0.9964641594342655,29.893924783027966,Medium,8.55371796609861,0.0,5.049856007249537
Male,Yes,2,Graduate,Yes,9323,7873.0,380.0,300.0,1.0,Rural,Y,17196.0,9.752490228984199,1266.6666666666667,0.8839264945336125,22.09816236334031,High,9.140347000155648,8.971321471503682,5.942799375126701
Male,No,1,Graduate,No,3062,1987.0,111.0,180.0,0.0,Urban,N,5049.0,8.527143522269405,616.6666666666666,1.4656367597544067,21.984551396316103,Medium,8.027150106832774,7.59488438721652,4.718498871295094
Female,No,0,Graduate,No,2764,1459.0,110.0,360.0,1.0,Urban,Y,4223.0,8.348537825386098,305.55555555555554,0.8682611097955639,26.04783329386692,Medium,7.9247959139564355,7.286191714702382,4.709530201312334
Male,Yes,0,Graduate,No,4817,923.0,120.0,180.0,1.0,Urban,Y,5740.0,8.655388690167637,666.6666666666666,1.3937282229965156,20.905923344947734,Medium,8.480114183174816,6.828712071641684,4.795790545596741
Male,Yes,3,Graduate,No,8750,4996.0,130.0,360.0,1.0,Rural,Y,13746.0,9.52857589747142,361.1111111111111,0.31524322227072116,9.457296668121636,High,9.076923258535832,8.516593011344206,4.875197323201151
Male,Yes,0,Graduate,No,4310,0.0,130.0,360.0,1.0,Semiurban,Y,4310.0,8.368925174747135,361.1111111111111,1.005413766434648,30.162412993039442,Medium,8.368925174747135,0.0,4.875197323201151
Male,No,0,Graduate,No,3069,0.0,71.0,480.0,1.0,Urban,N,3069.0,8.029432840581244,147.91666666666666,0.5783642880417074,23.134571521668295,Low,8.029432840581244,0.0,4.276666119016055
Male,Yes,2,Graduate,No,5391,0.0,130.0,360.0,1.0,Urban,Y,5391.0,8.592671652592143,361.1111111111111,0.8038088171644098,24.114264514932295,Medium,8.592671652592143,0.0,4.875197323201151
Male,Yes,0,Graduate,No,3333,2500.0,128.0,360.0,1.0,Semiurban,Y,5833.0,8.671458150427666,355.55555555555554,0.7314703697354135,21.944111092062403,Medium,8.111928063310739,7.824445930877619,4.859812404361672
Male,No,0,Graduate,No,5941,4232.0,296.0,360.0,1.0,Semiurban,Y,10173.0,9.22759072538271,822.2222222222222,0.9698876109964284,29.096628329892855,High,8.689801056022553,8.350666240520924,5.6937321388027
Female,No,0,Graduate,No,6000,0.0,156.0,360.0,1.0,Urban,Y,6000.0,8.699681400989514,433.3333333333333,0.8666666666666666,26.0,Medium,8.699681400989514,0.0,5.056245805348308
Male,No,0,Graduate,Yes,7167,0.0,128.0,360.0,1.0,Urban,Y,7167.0,8.877381954654766,355.55555555555554,0.5953211478535881,17.859634435607646,Medium,8.877381954654766,0.0,4.859812404361672
Male,Yes,2,Graduate,No,4566,0.0,100.0,360.0,1.0,Urban,N,4566.0,8.426611813185,277.77777777777777,0.7300335815447511,21.901007446342533,Medium,8.426611813185,0.0,4.61512051684126
Male,No,1,Graduate,No,3667,0.0,113.0,180.0,1.0,Urban,Y,3667.0,8.207401833376355,627.7777777777778,2.054358694664122,30.815380419961823,Low,8.207401833376355,0.0,4.736198448394496
Male,No,0,Not Graduate,No,2346,1600.0,132.0,360.0,1.0,Semiurban,Y,3946.0,8.280711075662847,366.6666666666667,1.1150532184490625,33.45159655347187,Low,7.760893195851024,7.3783837129967145,4.890349128221754
Male,Yes,0,Not Graduate,No,3010,3136.0,128.0,360.0,0.0,Urban,N,6146.0,8.72371943690701,355.55555555555554,0.6942184618722205,20.826553856166612,Medium,8.010027528481734,8.051022208190679,4.859812404361672
Male,Yes,0,Graduate,No,2333,2417.0,136.0,360.0,1.0,Urban,Y,4750.0,8.46611040118692,377.77777777777777,0.9543859649122808,28.63157894736842,Medium,7.755338812846501,7.790696031174738,4.919980925828125
Male,Yes,0,Graduate,No,5488,0.0,125.0,360.0,1.0,Rural,Y,5488.0,8.610501368549889,347.22222222222223,0.7592322643343052,22.776967930029155,Medium,8.610501368549889,0.0,4.836281906951478
Male,No,3,Graduate,No,9167,0.0,185.0,360.0,1.0,Rural,Y,9167.0,9.12347443895452,513.8888888888889,0.6727028108068798,20.18108432420639,High,9.12347443895452,0.0,5.225746673713202
Male,Yes,3,Graduate,No,9504,0.0,275.0,360.0,1.0,Rural,Y,9504.0,9.15957325492253,763.8888888888889,0.9645061728395062,28.935185185185187,High,9.15957325492253,0.0,5.62040086571715
Male,Yes,0,Graduate,No,2583,2115.0,120.0,360.0,1.0,Urban,Y,4698.0,8.455104999102815,333.3333333333333,0.8514261387824605,25.54278416347382,Medium,7.857093864902493,7.65728279297819,4.795790545596741
Male,Yes,2,Not Graduate,No,1993,1625.0,113.0,180.0,1.0,Semiurban,Y,3618.0,8.193953023563742,627.7777777777778,2.082181684171734,31.232725262576007,Low,7.597897950521784,7.3938782901077555,4.736198448394496
Male,Yes,2,Graduate,No,3100,1400.0,113.0,360.0,1.0,Urban,Y,4500.0,8.412054873292933,313.8888888888889,0.8370370370370371,25.11111111111111,Medium,8.03947991910045,7.244941546337007,4.736198448394496
Male,Yes,2,Graduate,No,3276,484.0,135.0,360.0,1.0,Semiurban,Y,3760.0,8.232440158470336,375.0,1.196808510638298,35.90425531914894,Low,8.094683648698815,6.184148890937483,4.912654885736052
Female,No,0,Graduate,No,3180,0.0,71.0,360.0,0.0,Urban,N,3180.0,8.064950891749143,197.22222222222223,0.7442348008385744,22.32704402515723,Low,8.064950891749143,0.0,4.276666119016055
Male,Yes,0,Graduate,No,3033,1459.0,95.0,360.0,1.0,Urban,Y,4492.0,8.41027590907016,263.8888888888889,0.7049569605224103,21.148708815672308,Medium,8.017637159908478,7.286191714702382,4.564348191467836
Male,No,0,Not Graduate,No,3902,1666.0,109.0,360.0,1.0,Rural,Y,5568.0,8.624970783589669,302.77777777777777,0.6525383141762452,19.576149425287355,Medium,8.269500767180615,7.418780882750794,4.700480365792417
Female,No,0,Graduate,No,1500,1800.0,103.0,360.0,0.0,Semiurban,N,3300.0,8.101980731853192,286.1111111111111,1.0404040404040402,31.21212121212121,Low,7.313886831633462,7.496097345175956,4.6443908991413725
Male,Yes,2,Not Graduate,No,2889,0.0,45.0,180.0,0.0,Urban,N,2889.0,7.969011781106478,250.0,1.0384215991692627,15.576323987538942,Low,7.969011781106478,0.0,3.828641396489095
Male,No,0,Not Graduate,No,2755,0.0,65.0,300.0,1.0,Rural,N,2755.0,7.9215356321335495,216.66666666666666,0.9437386569872958,23.593466424682397,Low,7.9215356321335495,0.0,4.189654742026425
Male,No,0,Graduate,No,2500,20000.0,103.0,360.0,1.0,Semiurban,Y,22500.0,10.021315031649332,286.1111111111111,0.15259259259259259,4.5777777777777775,High,7.824445930877619,9.90353755128617,4.6443908991413725
Female,No,0,Not Graduate,No,1963,0.0,53.0,360.0,1.0,Semiurban,Y,1963.0,7.582738488914411,147.22222222222223,0.8999830191883171,26.999490575649517,Low,7.582738488914411,0.0,3.9889840465642745
Female,No,0,Graduate,Yes,7441,0.0,194.0,360.0,1.0,Rural,N,7441.0,8.914894908906568,538.8888888888889,0.8690588182591945,26.071764547775835,Medium,8.914894908906568,0.0,5.272999558563747
Female,No,0,Graduate,No,4547,0.0,115.0,360.0,1.0,Semiurban,Y,4547.0,8.422442854870427,319.44444444444446,0.8430466974561982,25.29140092368595,Medium,8.422442854870427,0.0,4.7535901911063645
Male,Yes,0,Not Graduate,No,2167,2400.0,115.0,360.0,1.0,Urban,Y,4567.0,8.426830751335846,319.44444444444446,0.8393547916210496,25.180643748631486,Medium,7.681560362559537,7.783640596221253,4.7535901911063645
Female,No,0,Not Graduate,No,2213,0.0,66.0,360.0,1.0,Rural,Y,2213.0,7.7025561132685825,183.33333333333334,0.9941256213285135,29.8237686398554,Low,7.7025561132685825,0.0,4.204692619390966
Male,Yes,1,Graduate,No,8300,0.0,152.0,300.0,0.0,Semiurban,N,8300.0,9.024131268455035,506.6666666666667,0.7325301204819278,18.313253012048193,High,9.024131268455035,0.0,5.030437921392435
Male,Yes,3,Graduate,No,81000,0.0,360.0,360.0,0.0,Rural,N,81000.0,11.302216779257382,1000.0,0.14814814814814814,4.444444444444445,High,11.302216779257382,0.0,5.8888779583328805
Female,No,1,Not Graduate,Yes,3867,0.0,62.0,360.0,1.0,Semiurban,N,3867.0,8.260492856573185,172.22222222222223,0.5344366864925437,16.03310059477631,Low,8.260492856573185,0.0,4.143134726391533
Male,Yes,0,Graduate,No,6256,0.0,160.0,360.0,1.0,Urban,Y,6256.0,8.741456115998364,444.44444444444446,0.8525149190110827,25.575447570332482,Medium,8.741456115998364,0.0,5.081404364984463
Male,Yes,0,Not Graduate,No,6096,0.0,218.0,360.0,0.0,Rural,N,6096.0,8.715552125907816,605.5555555555555,1.1920384951881016,35.76115485564304,Medium,8.715552125907816,0.0,5.389071729816501
Male,Yes,0,Not Graduate,No,2253,2033.0,110.0,360.0,1.0,Rural,Y,4286.0,8.363342466597977,305.55555555555554,0.8554985223207341,25.664955669622024,Medium,7.720461694599722,7.617759576608505,4.709530201312334
Female,Yes,0,Not Graduate,No,2149,3237.0,178.0,360.0,0.0,Semiurban,N,5386.0,8.591743922680534,494.44444444444446,1.1016214878078971,33.04864463423691,Medium,7.673223121121708,8.08271113423758,5.187385805840755
Female,No,0,Graduate,No,2995,0.0,60.0,360.0,1.0,Urban,Y,2995.0,8.005033344637111,166.66666666666666,0.6677796327212019,20.03338898163606,Low,8.005033344637111,0.0,4.110873864173311
Female,No,1,Graduate,No,2600,0.0,160.0,360.0,1.0,Urban,N,2600.0,7.8636512654486515,444.44444444444446,2.0512820512820515,61.53846153846154,Low,7.8636512654486515,0.0,5.081404364984463
Male,Yes,2,Graduate,Yes,1600,20000.0,239.0,360.0,1.0,Urban,N,21600.0,9.980494888896912,663.8888888888889,0.3688271604938272,11.064814814814815,High,7.3783837129967145,9.90353755128617,5.480638923341991
Male,Yes,0,Graduate,No,1025,2773.0,112.0,360.0,1.0,Rural,Y,3798.0,8.242493153187626,311.1111111111111,0.9829734948218359,29.48920484465508,Low,6.933423025730715,7.928045600874777,4.727387818712341
Male,Yes,0,Graduate,No,3246,1417.0,138.0,360.0,1.0,Semiurban,Y,4663.0,8.447628728030327,383.3333333333333,0.9864893845164058,29.59468153549217,Medium,8.085486772102845,7.257002707092073,4.9344739331306915
Male,Yes,0,Graduate,No,5829,0.0,138.0,360.0,1.0,Rural,Y,5829.0,8.670772279344538,383.3333333333333,0.7891576599759821,23.674729799279465,Medium,8.670772279344538,0.0,4.9344739331306915
Female,No,0,Not Graduate,No,2720,0.0,80.0,360.0,0.0,Urban,N,2720.0,7.908754738783246,222.22222222222223,0.9803921568627452,29.41176470588235,Low,7.908754738783246,0.0,4.394449154672439
Male,Yes,0,Graduate,No,1820,1719.0,100.0,360.0,1.0,Urban,Y,3539.0,8.17188200612782,277.77777777777777,0.941885655081473,28.256569652444192,Low,7.507141079727608,7.450079569807499,4.61512051684126
Male,Yes,1,Graduate,No,7250,1667.0,110.0,360.0,0.0,Urban,N,8917.0,9.095826985187422,305.55555555555554,0.4111995813240626,12.33598743972188,High,8.888894669371593,7.419380582918692,4.709530201312334
Male,Yes,0,Graduate,No,14880,0.0,96.0,360.0,1.0,Semiurban,Y,14880.0,9.60784051043005,266.6666666666667,0.21505376344086022,6.451612903225806,High,9.60784051043005,0.0,4.574710978503383
Male,Yes,0,Graduate,No,2666,4300.0,121.0,360.0,1.0,Rural,Y,6966.0,8.848939995030118,336.1111111111111,0.5790027753852043,17.37008326155613,Medium,7.888709524182015,8.366602832783736,4.804021044733257
Female,No,1,Not Graduate,No,4606,0.0,81.0,360.0,1.0,Rural,N,4606.0,8.435332164935916,225.0,0.5861919235779418,17.585757707338253,Medium,8.435332164935916,0.0,4.406719247264253
Male,Yes,2,Graduate,No,5935,0.0,133.0,360.0,1.0,Semiurban,Y,5935.0,8.688790784847216,369.44444444444446,0.7469811850603764,22.40943555181129,Medium,8.688790784847216,0.0,4.897839799950911
Male,Yes,0,Graduate,No,2920,16.12000084,87.0,360.0,1.0,Rural,Y,2936.12000084,7.9851847886683345,241.66666666666666,0.9876980502058272,29.630941506174818,Low,7.979681302387741,2.8402474197790153,4.477336814478207
Male,No,0,Not Graduate,No,2717,0.0,60.0,180.0,1.0,Urban,Y,2717.0,7.907651594711089,333.3333333333333,1.472211998527788,22.08317997791682,Low,7.907651594711089,0.0,4.110873864173311
Female,No,1,Graduate,Yes,8624,0.0,150.0,360.0,1.0,Semiurban,Y,8624.0,9.062420241899561,416.6666666666667,0.5797773654916513,17.393320964749535,High,9.062420241899561,0.0,5.017279836814924
Male,No,0,Graduate,No,6500,0.0,105.0,360.0,0.0,Rural,N,6500.0,8.77971129020447,291.6666666666667,0.5384615384615385,16.153846153846153,Medium,8.77971129020447,0.0,4.663439094112067
Male,No,0,Graduate,No,12876,0.0,405.0,360.0,1.0,Semiurban,Y,12876.0,9.463198053273784,1125.0,1.048462255358807,31.453867660764214,High,9.463198053273784,0.0,6.0063531596017325
Male,Yes,0,Graduate,No,2425,2340.0,143.0,360.0,1.0,Semiurban,Y,4765.0,8.469262657658687,397.22222222222223,1.000349772647779,30.010493179433368,Medium,7.793999089503996,7.75833346749091,4.969813299576001
Male,No,0,Graduate,No,3750,0.0,100.0,360.0,1.0,Urban,Y,3750.0,8.229777750081887,277.77777777777777,0.8888888888888888,26.666666666666668,Low,8.229777750081887,0.0,4.61512051684126
Female,Yes,0,Graduate,No,10047,0.0,128.0,240.0,1.0,Semiurban,Y,10047.0,9.21512888870798,533.3333333333334,0.6370060714641187,12.740121429282373,High,9.21512888870798,0.0,4.859812404361672
Male,No,0,Graduate,No,1926,1851.0,50.0,360.0,1.0,Semiurban,Y,3777.0,8.236950048061455,138.88888888888889,0.4412673197422999,13.238019592268996,Low,7.563719668414366,7.524021415206125,3.9318256327243257
Male,Yes,0,Graduate,No,2213,1125.0,128.0,360.0,1.0,Urban,Y,3338.0,8.113426639943654,355.55555555555554,1.2782105052925903,38.34631515877771,Low,7.7025561132685825,7.026426808699636,4.859812404361672
Male,No,0,Graduate,Yes,10416,0.0,187.0,360.0,0.0,Urban,N,10416.0,9.251194365984448,519.4444444444445,0.5984383000512032,17.953149001536097,High,9.251194365984448,0.0,5.236441962829949
Female,Yes,0,Not Graduate,Yes,7142,0.0,138.0,360.0,1.0,Rural,Y,7142.0,8.873888135154973,383.3333333333333,0.644077289274713,19.322318678241388,Medium,8.873888135154973,0.0,4.9344739331306915
Male,No,0,Graduate,No,3660,5064.0,187.0,360.0,1.0,Semiurban,Y,8724.0,9.073947747070628,519.4444444444445,0.7145040501299098,21.435121503897296,High,8.205491613120236,8.530109416682784,5.236441962829949
Male,Yes,0,Graduate,No,7901,1833.0,180.0,360.0,1.0,Rural,Y,9734.0,9.1834829178063,500.0,0.6163961372508733,18.491884117526197,High,8.974871170971337,7.51425465281641,5.198497031265826
Male,No,3,Not Graduate,No,4707,1993.0,148.0,360.0,1.0,Semiurban,Y,6700.0,8.81001204797317,411.1111111111111,0.7363184079601989,22.08955223880597,Medium,8.457018468380168,7.597897950521784,5.003946305945459
Male,No,1,Graduate,No,37719,0.0,152.0,360.0,1.0,Semiurban,Y,37719.0,10.537945736747394,422.22222222222223,0.13432664351299523,4.029799305389856,High,10.537945736747394,0.0,5.030437921392435
Male,Yes,0,Graduate,No,7333,8333.0,175.0,300.0,1.0,Rural,Y,15666.0,9.659311868393488,583.3333333333334,0.4468275245755139,11.170688114387847,High,8.900276348631271,9.0280988119824,5.170483995038151
Male,Yes,1,Graduate,Yes,3466,1210.0,130.0,360.0,1.0,Rural,Y,4676.0,8.450412157725886,361.1111111111111,0.926717992586256,27.80153977758768,Medium,8.151044945685024,7.099201743553092,4.875197323201151
Male,Yes,2,Not Graduate,No,4652,0.0,110.0,360.0,1.0,Rural,Y,4652.0,8.445267451844648,305.55555555555554,0.7881914588707365,23.6457437661221,Medium,8.445267451844648,0.0,4.709530201312334
Male,Yes,0,Graduate,No,3539,1376.0,55.0,360.0,1.0,Rural,N,4915.0,8.500250470685925,152.77777777777777,0.3730077992539844,11.190233977619531,Medium,8.17188200612782,7.227662498728654,4.02535169073515
Male,Yes,2,Graduate,No,3340,1710.0,150.0,360.0,0.0,Rural,N,5050.0,8.527341522468053,416.6666666666667,0.9900990099009902,29.702970297029704,Medium,8.114025442356757,7.444833273892193,5.017279836814924
Male,No,1,Not Graduate,Yes,2769,1542.0,190.0,360.0,1.0,Semiurban,N,4311.0,8.369157112588834,527.7777777777778,1.4691100286089849,44.07330085826954,Medium,7.926602599181384,7.341483852363161,5.25227342804663
Male,Yes,2,Not Graduate,No,2309,1255.0,125.0,360.0,0.0,Rural,N,3564.0,8.178919332848396,347.22222222222223,1.1690983913206137,35.072951739618404,Low,7.745002803515839,7.135687347028144,4.836281906951478
Male,Yes,2,Not Graduate,No,1958,1456.0,60.0,300.0,1.0,Urban,Y,3414.0,8.13593277200489,200.0,0.70298769771529,17.57469244288225,Low,7.580189417944541,7.284134806195205,4.110873864173311
Male,Yes,0,Graduate,No,3948,1733.0,149.0,360.0,0.0,Rural,N,5681.0,8.645058562414134,413.8888888888889,0.8742592266619726,26.22777679985918,Medium,8.28121766128665,7.458186157340487,5.0106352940962555
Male,Yes,0,Graduate,No,2483,2466.0,90.0,180.0,0.0,Rural,Y,4949.0,8.507142855562735,500.0,1.2123661345726409,18.185492018589613,Medium,7.81762544305337,7.810758116529357,4.51085950651685
Male,No,0,Graduate,Yes,7085,0.0,84.0,360.0,1.0,Semiurban,Y,7085.0,8.865876285425417,233.33333333333334,0.3952011291460833,11.856033874382499,Medium,8.865876285425417,0.0,4.442651256490317
Male,Yes,2,Graduate,No,3859,0.0,96.0,360.0,1.0,Semiurban,Y,3859.0,8.258422462458876,266.6666666666667,0.829230370562322,24.876911116869657,Low,8.258422462458876,0.0,4.574710978503383
Male,Yes,0,Graduate,No,4301,0.0,118.0,360.0,1.0,Urban,Y,4301.0,8.366835309827675,327.77777777777777,0.9145160040300705,27.435480120902117,Medium,8.366835309827675,0.0,4.77912349311153
Male,Yes,0,Graduate,No,3708,2569.0,173.0,360.0,1.0,Urban,N,6277.0,8.744806737401898,480.55555555555554,0.918697891774202,27.560936753226063,Medium,8.21851757748959,7.851661177889265,5.159055299214529
Male,No,2,Graduate,No,4354,0.0,136.0,360.0,1.0,Rural,Y,4354.0,8.379079889286603,377.77777777777777,1.0411881794518452,31.23564538355535,Medium,8.379079889286603,0.0,4.919980925828125
Male,Yes,0,Graduate,No,8334,0.0,160.0,360.0,1.0,Semiurban,N,8334.0,9.028218795184895,444.44444444444446,0.6399488040956723,19.19846412287017,High,9.028218795184895,0.0,5.081404364984463
Male,Yes,0,Graduate,Yes,2083,4083.0,160.0,360.0,1.0,Semiurban,Y,6166.0,8.726967774991493,444.44444444444446,0.864958373878257,25.948751216347713,Medium,7.642044402873258,8.314832179284556,5.081404364984463
Male,Yes,3,Graduate,No,7740,0.0,128.0,180.0,1.0,Urban,Y,7740.0,8.954286157204713,711.1111111111111,1.102497846683893,16.537467700258397,Medium,8.954286157204713,0.0,4.859812404361672
Male,Yes,0,Graduate,No,3015,2188.0,153.0,360.0,1.0,Rural,Y,5203.0,8.557182839632397,425.0,0.980203728618105,29.40611185854315,Medium,8.011686729127847,7.691200097522863,5.0369526024136295
Female,No,1,Not Graduate,No,5191,0.0,132.0,360.0,1.0,Semiurban,Y,5191.0,8.554874258383926,366.6666666666667,0.8476208822962821,25.42862646888846,Medium,8.554874258383926,0.0,4.890349128221754
Male,No,0,Graduate,No,4166,0.0,98.0,360.0,0.0,Semiurban,N,4166.0,8.334951631422454,272.22222222222223,0.7841254600736117,23.523763802208354,Medium,8.334951631422454,0.0,4.59511985013459
Male,No,0,Graduate,No,6000,0.0,140.0,360.0,1.0,Rural,Y,6000.0,8.699681400989514,388.8888888888889,0.7777777777777778,23.333333333333332,Medium,8.699681400989514,0.0,4.948759890378168
Male,Yes,3,Not Graduate,No,2947,1664.0,70.0,180.0,0.0,Urban,N,4611.0,8.436416881388949,388.8888888888889,1.0120725800621702,15.181088700932552,Medium,7.988882253309227,7.417580402414544,4.2626798770413155
Male,Yes,0,Graduate,No,16692,0.0,110.0,360.0,1.0,Semiurban,Y,16692.0,9.722744748855389,305.55555555555554,0.2196661075165748,6.589983225497244,High,9.722744748855389,0.0,4.709530201312334
Female,Yes,2,Not Graduate,No,210,2917.0,98.0,360.0,1.0,Semiurban,Y,3127.0,8.048149101665201,272.22222222222223,1.044664747894681,31.33994243684042,Low,5.351858133476067,7.978653729082731,4.59511985013459
Male,Yes,0,Graduate,No,4333,2451.0,110.0,360.0,1.0,Urban,N,6784.0,8.82246957226897,305.55555555555554,0.5404874213836477,16.214622641509433,Medium,8.374246182096304,7.804659297056102,4.709530201312334
Male,Yes,1,Graduate,Yes,3450,2079.0,162.0,360.0,1.0,Semiurban,Y,5529.0,8.61794309451638,450.0,0.9766684753119913,29.30005425935974,Medium,8.146419323098003,7.640123172695364,5.093750200806762
Male,Yes,1,Not Graduate,No,2653,1500.0,113.0,180.0,0.0,Rural,N,4153.0,8.331827004436057,627.7777777777778,1.8139497551970465,27.209246327955693,Medium,7.8838232148921525,7.313886831633462,4.736198448394496
Male,Yes,3,Graduate,No,4691,0.0,100.0,360.0,1.0,Semiurban,Y,4691.0,8.453614209773367,277.77777777777777,0.7105805443046969,21.317416329140908,Medium,8.453614209773367,0.0,4.61512051684126
Female,No,0,Graduate,Yes,2500,0.0,93.0,360.0,1.0,Urban,Y,2500.0,7.824445930877619,258.3333333333333,1.2399999999999998,37.2,Low,7.824445930877619,0.0,4.543294782270004
Male,No,2,Graduate,No,5532,4648.0,162.0,360.0,1.0,Rural,Y,10180.0,9.228278517107196,450.0,0.5304518664047151,15.913555992141454,High,8.618485442898109,8.444407421690585,5.093750200806762
Male,Yes,2,Graduate,Yes,16525,1014.0,150.0,360.0,1.0,Rural,Y,17539.0,9.772239265926174,416.6666666666667,0.28507896687382406,8.552369006214722,High,9.71269017726113,6.922643891475888,5.017279836814924
Male,Yes,2,Graduate,No,6700,1750.0,230.0,300.0,1.0,Semiurban,Y,8450.0,9.042040056544483,766.6666666666666,1.0887573964497042,27.218934911242602,High,8.81001204797317,7.467942332285852,5.442417710521793
Male,Yes,2,Graduate,No,2873,1872.0,132.0,360.0,0.0,Semiurban,N,4745.0,8.465057436995709,366.6666666666667,0.9272918861959958,27.818756585879875,Medium,7.96346006663897,7.5352967024440884,4.890349128221754
Male,Yes,1,Graduate,Yes,16667,2250.0,86.0,360.0,1.0,Semiurban,Y,18917.0,9.847869128773116,238.88888888888889,0.1515391799263449,4.546175397790347,High,9.721245992542345,7.719129840906732,4.465908118654584
Male,Yes,2,Graduate,No,2947,1603.0,128.0,360.0,1.0,Urban,N,4550.0,8.423102268016642,355.55555555555554,0.9377289377289376,28.13186813186813,Medium,7.988882253309227,7.38025578842646,4.859812404361672
Female,No,0,Not Graduate,No,4350,0.0,154.0,360.0,1.0,Rural,Y,4350.0,8.37816098272068,427.77777777777777,1.1800766283524904,35.40229885057471,Medium,8.37816098272068,0.0,5.043425116919247
Male,Yes,3,Not Graduate,No,3095,0.0,113.0,360.0,1.0,Rural,Y,3095.0,8.037866234709618,313.8888888888889,1.2170166935918147,36.51050080775444,Low,8.037866234709618,0.0,4.736198448394496
Male,Yes,0,Graduate,No,2083,3150.0,128.0,360.0,1.0,Semiurban,Y,5233.0,8.562931083090092,355.55555555555554,0.8153385565959615,24.460156697878844,Medium,7.642044402873258,8.055475141757274,4.859812404361672
Male,Yes,0,Graduate,No,10833,0.0,234.0,360.0,1.0,Semiurban,Y,10833.0,9.290444616217844,650.0,0.7200221545278316,21.60066463583495,High,9.290444616217844,0.0,5.459585514144159
Male,Yes,2,Graduate,No,8333,0.0,246.0,360.0,1.0,Semiurban,Y,8333.0,9.0280988119824,683.3333333333334,0.984039361574463,29.52118084723389,High,9.0280988119824,0.0,5.5093883366279774
Male,Yes,1,Not Graduate,No,1958,2436.0,131.0,360.0,1.0,Rural,Y,4394.0,8.388222810119277,363.8888888888889,0.9937793961462601,29.813381884387802,Medium,7.580189417944541,7.798523053625206,4.882801922586371
Male,No,2,Graduate,No,3547,0.0,80.0,360.0,0.0,Rural,N,3547.0,8.17413934342947,222.22222222222223,0.7518090405037121,22.554271215111363,Low,8.17413934342947,0.0,4.394449154672439
Male,Yes,1,Graduate,No,18333,0.0,500.0,360.0,1.0,Urban,N,18333.0,9.816512538521721,1388.888888888889,0.9091074383170603,27.27322314951181,High,9.816512538521721,0.0,6.2166061010848646
Male,Yes,2,Graduate,Yes,4583,2083.0,160.0,360.0,1.0,Semiurban,Y,6666.0,8.80492526261806,444.44444444444446,0.8000800080008001,24.002400240024002,Medium,8.430327258394575,7.642044402873258,5.081404364984463
Male,No,0,Graduate,No,2435,0.0,75.0,360.0,1.0,Urban,N,2435.0,7.798112628829788,208.33333333333334,1.026694045174538,30.80082135523614,Low,7.798112628829788,0.0,4.330733340286331
Male,No,0,Not Graduate,No,2699,2785.0,96.0,360.0,1.0,Semiurban,Y,5484.0,8.609772372709331,266.6666666666667,0.5835156819839533,17.505470459518598,Medium,7.90100705199242,7.932362154339751,4.574710978503383
Male,Yes,1,Not Graduate,No,5333,1131.0,186.0,360.0,1.0,Urban,Y,6464.0,8.774158291205957,516.6666666666666,0.9591584158415841,28.774752475247524,Medium,8.58185670474196,7.0317412587631285,5.231108616854587
Male,No,0,Not Graduate,No,3691,0.0,110.0,360.0,1.0,Rural,Y,3691.0,8.213923595622743,305.55555555555554,0.9934073873385714,29.802221620157137,Low,8.213923595622743,0.0,4.709530201312334
Female,No,0,Not Graduate,Yes,17263,0.0,225.0,360.0,1.0,Semiurban,Y,17263.0,9.756378687497916,625.0,0.4344551931877426,13.033655795632278,High,9.756378687497916,0.0,5.420534999272286
Male,Yes,0,Graduate,No,3597,2157.0,119.0,360.0,0.0,Rural,N,5754.0,8.657824321155983,330.55555555555554,0.689375506893755,20.68126520681265,Medium,8.188133414510478,7.67693714581808,4.787491742782046
Female,Yes,1,Graduate,No,3326,913.0,105.0,84.0,1.0,Semiurban,Y,4239.0,8.352318548226004,1250.0,3.538570417551309,24.769992922859164,Medium,8.109826276018477,6.81783057145415,4.663439094112067
Male,Yes,0,Not Graduate,No,2600,1700.0,107.0,360.0,1.0,Rural,Y,4300.0,8.366602832783736,297.22222222222223,0.8294573643410853,24.88372093023256,Medium,7.8636512654486515,7.438971592395862,4.68213122712422
Male,Yes,0,Graduate,No,4625,2857.0,111.0,12.0,1.0,Urban,Y,7482.0,8.920389060080359,9250.0,14.83560545308741,14.83560545308741,Medium,8.439447842791385,7.957877358489813,4.718498871295094
Male,Yes,1,Graduate,Yes,2895,0.0,95.0,360.0,1.0,Semiurban,Y,2895.0,7.971085753505607,263.8888888888889,1.093839953943581,32.81519861830743,Low,7.971085753505607,0.0,4.564348191467836
Male,No,0,Graduate,No,6283,4416.0,209.0,360.0,0.0,Rural,N,10699.0,9.277999020449997,580.5555555555555,0.6511511979312707,19.534535937938124,High,8.745761999375512,8.393216011596527,5.3471075307174685
Female,No,0,Graduate,No,645,3683.0,113.0,480.0,1.0,Rural,Y,4328.0,8.37309184744198,235.41666666666666,0.6527264325323474,26.109057301293902,Medium,6.470799503782602,8.211754397375197,4.736198448394496
Female,No,0,Graduate,No,3159,0.0,100.0,360.0,1.0,Semiurban,Y,3159.0,8.058327306580958,277.77777777777777,1.0551862403714256,31.655587211142766,Low,8.058327306580958,0.0,4.61512051684126
Male,Yes,2,Graduate,No,4865,5624.0,208.0,360.0,1.0,Semiurban,Y,10489.0,9.258177701390343,577.7777777777778,0.6610099469285283,19.83029840785585,High,8.490027523343468,8.63497622707262,5.342334251964811
Male,Yes,1,Not Graduate,No,4050,5302.0,138.0,360.0,1.0,Rural,N,9352.0,9.143452426434552,383.3333333333333,0.4918733960650128,14.756201881950386,High,8.30671904320269,8.57602797713713,4.9344739331306915
Male,Yes,0,Not Graduate,No,3814,1483.0,124.0,300.0,1.0,Semiurban,Y,5297.0,8.575084669832014,413.3333333333333,0.936379082499528,23.4094770624882,Medium,8.246695943718557,7.302496423727326,4.8283137373023015
Male,Yes,2,Graduate,No,3510,4416.0,243.0,360.0,1.0,Rural,Y,7926.0,8.978029932837156,675.0,1.0219530658591975,30.658591975775927,Medium,8.163656176168432,8.393216011596527,5.497168225293202
Male,Yes,0,Graduate,No,20833,6667.0,480.0,360.0,1.0,Urban,Y,27500.0,10.221977646629885,1333.3333333333333,0.5818181818181818,17.454545454545453,High,9.944341546544393,8.805075243870684,6.175867270105761
Male,No,0,Graduate,No,3583,0.0,96.0,360.0,1.0,Urban,N,3583.0,8.18423477409482,266.6666666666667,0.8931063354730674,26.793190064192018,Low,8.18423477409482,0.0,4.574710978503383
Male,Yes,0,Graduate,Yes,2479,3013.0,188.0,360.0,1.0,Urban,Y,5492.0,8.61122983334262,522.2222222222222,1.1410536537994658,34.23160961398398,Medium,7.8160138391590275,8.01102337918644,5.241747015059643
Female,No,1,Graduate,No,13262,0.0,40.0,360.0,1.0,Urban,Y,13262.0,9.492733482494353,111.11111111111111,0.1005378776454029,3.0161363293620873,High,9.492733482494353,0.0,3.713572066704308
Male,No,0,Not Graduate,No,3598,1287.0,100.0,360.0,1.0,Rural,N,4885.0,8.494129251817686,277.77777777777777,0.6823609689525759,20.470829068577277,Medium,8.188411308079031,7.160845906664299,4.61512051684126
Male,Yes,1,Graduate,No,6065,2004.0,250.0,360.0,1.0,Semiurban,Y,8069.0,8.995908761263994,694.4444444444445,1.0327591192630232,30.982773577890693,High,8.710454688248527,7.60339933974067,5.5254529391317835
Male,Yes,2,Graduate,No,3283,2035.0,148.0,360.0,1.0,Urban,Y,5318.0,8.579040594742317,411.1111111111111,0.9276670427479001,27.830011282437006,Medium,8.096817470572319,7.618742377670413,5.003946305945459
Male,Yes,0,Graduate,No,2130,6666.0,70.0,180.0,1.0,Semiurban,N,8796.0,9.082166033252674,388.8888888888889,0.5305441867515538,7.958162801273306,High,7.664346632098617,8.80492526261806,4.2626798770413155
Male,No,0,Graduate,No,5815,3666.0,311.0,360.0,1.0,Rural,N,9481.0,9.157150543462064,863.8888888888889,1.0934148999753894,32.80244699926168,High,8.668368019213355,8.207129168071326,5.7430031878094825
Male,Yes,3,Graduate,No,3466,3428.0,150.0,360.0,1.0,Rural,Y,6894.0,8.838551790227402,416.6666666666667,0.725268349289237,21.75805047867711,Medium,8.151044945685024,8.14002395246292,5.017279836814924
Female,Yes,2,Graduate,No,2031,1632.0,113.0,480.0,1.0,Semiurban,Y,3663.0,8.20631072579402,235.41666666666666,0.7712257712257712,30.84903084903085,Low,7.616775808698373,7.398174092970465,4.736198448394496
Male,Yes,0,Not Graduate,No,3074,1800.0,123.0,360.0,0.0,Semiurban,N,4874.0,8.491875383431948,341.6666666666667,0.8411981945014362,25.235945835043086,Medium,8.031060180240619,7.496097345175956,4.820281565605037
Male,No,0,Graduate,No,4683,1915.0,185.0,360.0,1.0,Semiurban,N,6598.0,8.794673401383422,513.8888888888889,0.9346266545417803,28.03879963625341,Medium,8.451907724717607,7.557994958530806,5.225746673713202
Female,No,0,Not Graduate,No,3400,0.0,95.0,360.0,1.0,Rural,N,3400.0,8.131824785007195,263.8888888888889,0.931372549019608,27.941176470588236,Low,8.131824785007195,0.0,4.564348191467836
Male,Yes,2,Not Graduate,No,2192,1742.0,45.0,360.0,1.0,Semiurban,Y,3934.0,8.277666160851503,125.0,0.3812913065582105,11.438739196746313,Low,7.693025748417888,7.463363045520021,3.828641396489095
Male,No,0,Graduate,No,2500,0.0,55.0,360.0,1.0,Semiurban,Y,2500.0,7.824445930877619,152.77777777777777,0.7333333333333333,22.0,Low,7.824445930877619,0.0,4.02535169073515
Male,Yes,3,Graduate,Yes,5677,1424.0,100.0,360.0,1.0,Rural,Y,7101.0,8.868131713503033,277.77777777777777,0.4694174529409003,14.08252358822701,Medium,8.644354337032917,7.261927092702751,4.61512051684126
Male,Yes,2,Graduate,Yes,7948,7166.0,480.0,360.0,1.0,Rural,Y,15114.0,9.623442907213558,1333.3333333333333,1.0586211459573904,31.758634378721716,High,8.980801413573113,8.877242435993919,6.175867270105761
Male,No,0,Graduate,No,4680,2087.0,128.0,360.0,1.0,Semiurban,N,6767.0,8.81996090128606,355.55555555555554,0.6305108122752574,18.91532436825772,Medium,8.45126704130007,7.643961949002529,4.859812404361672
Male,Yes,2,Graduate,Yes,17500,0.0,400.0,360.0,1.0,Rural,Y,17500.0,9.770013301136158,1111.111111111111,0.761904761904762,22.857142857142858,High,9.770013301136158,0.0,5.993961427306569
Male,Yes,0,Graduate,No,3775,0.0,110.0,360.0,1.0,Semiurban,Y,3775.0,8.236420527265391,305.55555555555554,0.9713024282560706,29.13907284768212,Low,8.236420527265391,0.0,4.709530201312334
Male,Yes,1,Not Graduate,No,5285,1430.0,161.0,360.0,0.0,Semiurban,Y,6715.0,8.812248018197431,447.22222222222223,0.7992057582526682,23.976172747580044,Medium,8.572817095164234,7.266128779556451,5.087596335232384
Male,No,1,Not Graduate,No,2679,1302.0,94.0,360.0,1.0,Semiurban,Y,3981.0,8.289539484624141,261.1111111111111,0.7870719249769739,23.61215774930922,Low,7.893572073504902,7.172424577124845,4.553876891600541
Male,No,0,Not Graduate,No,6783,0.0,130.0,360.0,1.0,Semiurban,Y,6783.0,8.822322177471738,361.1111111111111,0.6388520320408865,19.165560961226596,Medium,8.822322177471738,0.0,4.875197323201151
Male,Yes,0,Graduate,No,1025,5500.0,216.0,360.0,1.0,Rural,Y,6525.0,8.783549477153265,600.0,1.103448275862069,33.10344827586207,Medium,6.933423025730715,8.612685172875459,5.37989735354046
Male,Yes,3,Graduate,No,4281,0.0,100.0,360.0,1.0,Urban,Y,4281.0,8.362175469149628,277.77777777777777,0.7786342754808067,23.3590282644242,Medium,8.362175469149628,0.0,4.61512051684126
Male,No,2,Graduate,No,3588,0.0,110.0,360.0,0.0,Rural,N,3588.0,8.185628891147607,305.55555555555554,1.0219249349684132,30.657748049052397,Low,8.185628891147607,0.0,4.709530201312334
Male,No,1,Graduate,No,11250,0.0,196.0,360.0,1.0,Semiurban,N,11250.0,9.328212292571072,544.4444444444445,0.5807407407407408,17.42222222222222,High,9.328212292571072,0.0,5.2832037287379885
Female,No,0,Not Graduate,Yes,18165,0.0,125.0,360.0,1.0,Urban,Y,18165.0,9.80730699406216,347.22222222222223,0.2293788420956051,6.881365262868153,High,9.80730699406216,0.0,4.836281906951478
Male,No,0,Not Graduate,No,2550,2042.0,126.0,360.0,1.0,Rural,Y,4592.0,8.432288684325794,350.0,0.9146341463414633,27.4390243902439,Medium,7.844240718141811,7.622174594817622,4.844187086458591
Male,Yes,0,Graduate,No,6133,3906.0,324.0,360.0,1.0,Urban,Y,10039.0,9.214332393245721,900.0,1.075804362984361,32.27413088953083,High,8.721602344674197,8.27052509505507,5.783825182329737
Male,No,2,Graduate,No,3617,0.0,107.0,360.0,1.0,Semiurban,Y,3617.0,8.193676665955241,297.22222222222223,0.9860842318680305,29.58252695604092,Low,8.193676665955241,0.0,4.68213122712422
Male,Yes,0,Not Graduate,No,2917,536.0,66.0,360.0,1.0,Rural,N,3453.0,8.147288258706624,183.33333333333334,0.6371271358239212,19.113814074717638,Low,7.978653729082731,6.285998094508865,4.204692619390966
Male,Yes,3,Graduate,No,6417,0.0,157.0,180.0,1.0,Rural,Y,6417.0,8.766861821669803,872.2222222222222,1.6310840995272973,24.46626149290946,Medium,8.766861821669803,0.0,5.062595033026967
Female,Yes,1,Graduate,No,4608,2845.0,140.0,180.0,1.0,Semiurban,Y,7453.0,8.916506080039204,777.7777777777778,1.2522921418668098,18.784382128002147,Medium,8.435766192720509,7.953669778649798,4.948759890378168
Female,No,0,Graduate,No,2138,0.0,99.0,360.0,0.0,Semiurban,N,2138.0,7.668093709082406,275.0,1.5434985968194574,46.30495790458372,Low,7.668093709082406,0.0,4.605170185988092
Female,No,1,Graduate,No,3652,0.0,95.0,360.0,1.0,Semiurban,Y,3652.0,8.203304026795282,263.8888888888889,0.8671047827674335,26.013143483023,Low,8.203304026795282,0.0,4.564348191467836
Male,Yes,1,Not Graduate,No,2239,2524.0,128.0,360.0,1.0,Urban,Y,4763.0,8.46884293047519,355.55555555555554,0.8957939673875008,26.873819021625025,Medium,7.7142311448490855,7.83399634170946,4.859812404361672
Female,Yes,0,Not Graduate,No,3017,663.0,102.0,360.0,1.0,Semiurban,Y,3680.0,8.210939733379021,283.3333333333333,0.9239130434782608,27.717391304347824,Low,8.012349639327795,6.498282149476434,4.634728988229636
Male,Yes,0,Graduate,No,2768,1950.0,155.0,360.0,1.0,Rural,Y,4718.0,8.459352191726387,430.55555555555554,1.0950967924261692,32.852903772785076,Medium,7.926241523170962,7.576097340623111,5.049856007249537
Male,No,0,Not Graduate,No,3358,0.0,80.0,36.0,1.0,Semiurban,N,3358.0,8.119398589612294,2222.222222222222,7.9412348620210444,23.823704586063133,Low,8.119398589612294,0.0,4.394449154672439
Male,No,0,Graduate,No,2526,1783.0,145.0,360.0,1.0,Rural,Y,4309.0,8.368693183097793,402.77777777777777,1.1216832985224723,33.65049895567417,Medium,7.834788107388194,7.486613313139955,4.983606621708336
Female,No,0,Graduate,No,5000,0.0,103.0,360.0,0.0,Semiurban,N,5000.0,8.517393171418904,286.1111111111111,0.6866666666666665,20.6,Medium,8.517393171418904,0.0,4.6443908991413725
Male,Yes,0,Graduate,No,2785,2016.0,110.0,360.0,1.0,Rural,Y,4801.0,8.4767877767812,305.55555555555554,0.7637297785183642,22.911893355550927,Medium,7.932362154339751,7.6093665379542115,4.709530201312334
Male,Yes,2,Graduate,Yes,6633,0.0,128.0,360.0,0.0,Rural,N,6633.0,8.799963219506997,355.55555555555554,0.6432484044424343,19.29745213327303,Medium,8.799963219506997,0.0,4.859812404361672
Male,Yes,1,Not Graduate,No,2492,2375.0,128.0,360.0,1.0,Rural,Y,4867.0,8.490438454107418,355.55555555555554,0.8766522840901309,26.299568522703925,Medium,7.821242083523558,7.773173680482536,4.859812404361672
Male,Yes,1,Graduate,No,3333,3250.0,158.0,360.0,1.0,Urban,Y,6583.0,8.792397742356906,438.8888888888889,0.8000405083801712,24.001215251405135,Medium,8.111928063310739,8.086717920303906,5.0689042022202315
Male,Yes,0,Not Graduate,No,2454,2333.0,181.0,360.0,0.0,Urban,N,4787.0,8.473868066677865,502.77777777777777,1.260357913794304,37.81073741382912,Medium,7.805882040228621,7.755338812846501,5.204006687076795
Male,Yes,0,Graduate,No,3593,4266.0,132.0,180.0,0.0,Rural,N,7859.0,8.969541885423252,733.3333333333334,1.1197353352843875,16.79603002926581,Medium,8.187021067343505,8.358666283188,4.890349128221754
Male,Yes,1,Graduate,No,5468,1032.0,26.0,360.0,1.0,Semiurban,Y,6500.0,8.77971129020447,72.22222222222223,0.13333333333333336,4.0,Medium,8.606851063346772,6.940222469119639,3.295836866004329
Female,No,0,Graduate,No,2667,1625.0,84.0,360.0,1.0,Urban,Y,4292.0,8.36474106822456,233.33333333333334,0.65237651444548,19.571295433364398,Medium,7.889084407035514,7.3938782901077555,4.442651256490317
Male,Yes,3,Graduate,Yes,10139,0.0,260.0,360.0,1.0,Semiurban,Y,10139.0,9.224243277145174,722.2222222222222,0.8547851530394187,25.64355459118256,High,9.224243277145174,0.0,5.564520407322694
Male,Yes,0,Graduate,No,3887,2669.0,162.0,360.0,1.0,Semiurban,Y,6556.0,8.788288460263619,450.0,0.823672971323978,24.71018913971934,Medium,8.265650165580329,7.8898337513942955,5.093750200806762
Female,Yes,0,Graduate,No,4180,2306.0,182.0,360.0,1.0,Semiurban,Y,6486.0,8.777555453213056,505.55555555555554,0.9353479288724432,28.060437866173295,Medium,8.338305731356565,7.7437032581737535,5.209486152841421
Male,Yes,2,Not Graduate,No,3675,242.0,108.0,360.0,1.0,Semiurban,Y,3917.0,8.273336598504486,300.0,0.9190707173857543,27.572121521572633,Low,8.209580483475577,5.493061443340548,4.6913478822291435
Female,Yes,1,Graduate,Yes,19484,0.0,600.0,360.0,1.0,Semiurban,Y,19484.0,9.87740021777281,1666.6666666666667,1.0264832683227263,30.794498049681792,High,9.87740021777281,0.0,6.398594934535208
Male,Yes,0,Graduate,No,5923,2054.0,211.0,360.0,1.0,Rural,Y,7977.0,8.984443032465352,586.1111111111111,0.881701558647779,26.45104675943337,Medium,8.68676717538769,7.628031126930335,5.356586274672012
Male,No,0,Not Graduate,Yes,5800,0.0,132.0,360.0,1.0,Semiurban,Y,5800.0,8.665785595466064,366.6666666666667,0.7586206896551725,22.75862068965517,Medium,8.665785595466064,0.0,4.890349128221754
Male,Yes,2,Graduate,No,8799,0.0,258.0,360.0,0.0,Urban,N,8799.0,9.082507000466299,716.6666666666666,0.9773837936129105,29.321513808387316,High,9.082507000466299,0.0,5.556828061699537
Male,Yes,0,Not Graduate,No,4467,0.0,120.0,360.0,1.0,Rural,Y,4467.0,8.404696160189092,333.3333333333333,0.8954555630176851,26.863666890530556,Medium,8.404696160189092,0.0,4.795790545596741
Male,No,0,Graduate,No,3333,0.0,70.0,360.0,1.0,Urban,Y,3333.0,8.111928063310739,194.44444444444446,0.7000700070007001,21.002100210021002,Low,8.111928063310739,0.0,4.2626798770413155
Male,Yes,3,Graduate,No,3400,2500.0,123.0,360.0,0.0,Rural,N,5900.0,8.682877107057168,341.6666666666667,0.6949152542372882,20.847457627118644,Medium,8.131824785007195,7.824445930877619,4.820281565605037
Female,No,0,Graduate,No,2378,0.0,9.0,360.0,1.0,Urban,N,2378.0,7.774435510302958,25.0,0.1261564339781329,3.7846930193439867,Low,7.774435510302958,0.0,2.302585092994046
Male,Yes,0,Graduate,No,3166,2064.0,104.0,360.0,0.0,Urban,N,5230.0,8.562357743370612,288.8888888888889,0.6628425748884641,19.88527724665392,Medium,8.06054004653864,7.632885505395133,4.653960350157523
Male,Yes,1,Graduate,No,3417,1750.0,186.0,360.0,1.0,Urban,Y,5167.0,8.550241045462437,516.6666666666666,1.199922585639636,35.99767756918909,Medium,8.136810863675537,7.467942332285852,5.231108616854587
Male,Yes,0,Graduate,No,5116,1451.0,165.0,360.0,0.0,Urban,N,6567.0,8.789964651132264,458.3333333333333,0.8375209380234505,25.12562814070352,Medium,8.540323608805092,7.280697195384741,5.111987788356544
Male,Yes,2,Graduate,No,16666,0.0,275.0,360.0,1.0,Urban,Y,16666.0,9.721185995542177,763.8888888888889,0.5500220008800353,16.500660026401057,High,9.721185995542177,0.0,5.62040086571715
Male,Yes,2,Not Graduate,No,6125,1625.0,187.0,480.0,1.0,Semiurban,N,7750.0,8.955577146281511,389.5833333333333,0.6032258064516128,24.129032258064516,Medium,8.72029728739272,7.3938782901077555,5.236441962829949
Male,Yes,3,Graduate,No,6406,0.0,150.0,360.0,1.0,Semiurban,N,6406.0,8.765146421639022,416.6666666666667,0.7805182641273806,23.415547923821418,Medium,8.765146421639022,0.0,5.017279836814924
Male,Yes,2,Graduate,No,3159,461.0,108.0,84.0,1.0,Urban,Y,3620.0,8.19450550976564,1285.7142857142858,4.262036306235201,29.834254143646408,Low,8.058327306580958,6.135564891081739,4.6913478822291435
Male,Yes,0,Graduate,No,3087,2210.0,136.0,360.0,0.0,Semiurban,N,5297.0,8.575084669832014,377.77777777777777,0.8558303442199987,25.674910326599964,Medium,8.035278911144667,7.701200180857446,4.919980925828125
Male,No,0,Graduate,No,3229,2739.0,110.0,360.0,1.0,Urban,Y,5968.0,8.69433468816865,305.55555555555554,0.6143878462913316,18.431635388739945,Medium,8.080237416216702,7.9157131993821155,4.709530201312334
Male,Yes,1,Graduate,No,1782,2232.0,107.0,360.0,1.0,Rural,Y,4014.0,8.297792626380861,297.22222222222223,0.8885567181531308,26.656701544593922,Medium,7.48605261786314,7.711101251840158,4.68213122712422
Male,No,0,Graduate,No,3182,2917.0,161.0,360.0,1.0,Urban,Y,6099.0,8.716044050161402,447.22222222222223,0.8799256708750068,26.397770126250204,Medium,8.065579427282092,7.978653729082731,5.087596335232384
Male,Yes,2,Graduate,No,6540,0.0,205.0,360.0,1.0,Semiurban,Y,6540.0,8.785845337961213,569.4444444444445,1.0448521916411826,31.345565749235472,Medium,8.785845337961213,0.0,5.327876168789581
Male,No,0,Graduate,No,1836,33837.0,90.0,360.0,1.0,Urban,N,35673.0,10.482177411118249,250.0,0.08409721638213775,2.5229164914641324,High,7.515889085215125,10.429339710318741,4.51085950651685
Female,Yes,0,Graduate,No,3166,0.0,36.0,360.0,1.0,Semiurban,Y,3166.0,8.06054004653864,100.0,0.37902716361339234,11.37081490840177,Low,8.06054004653864,0.0,3.6109179126442243
Male,Yes,1,Graduate,No,1880,0.0,61.0,360.0,1.0,Rural,N,1880.0,7.53955882930103,169.44444444444446,1.0815602836879434,32.4468085106383,Low,7.53955882930103,0.0,4.127134385045092
Male,Yes,1,Graduate,No,2787,1917.0,146.0,360.0,0.0,Rural,N,4704.0,8.45638105201948,405.55555555555554,1.034580498866213,31.037414965986393,Medium,7.933079771880415,7.559038255443384,4.990432586778736
Male,Yes,1,Graduate,No,4283,3000.0,172.0,84.0,1.0,Rural,N,7283.0,8.8934354408475,2047.6190476190477,3.373805927698555,23.61664149388988,Medium,8.36264243156764,8.006700845440367,5.153291594497779
Male,Yes,0,Graduate,No,2297,1522.0,104.0,360.0,1.0,Urban,Y,3819.0,8.24800570160062,288.8888888888889,0.907741991795409,27.232259753862266,Low,7.739794458408701,7.328437352895162,4.653960350157523
Female,No,0,Not Graduate,No,2165,0.0,70.0,360.0,1.0,Semiurban,Y,2165.0,7.680637427560936,194.44444444444446,1.077752117013087,32.33256351039261,Low,7.680637427560936,0.0,4.2626798770413155
Male,No,0,Graduate,No,4750,0.0,94.0,360.0,1.0,Semiurban,Y,4750.0,8.46611040118692,261.1111111111111,0.6596491228070175,19.789473684210527,Medium,8.46611040118692,0.0,4.553876891600541
Male,Yes,2,Graduate,Yes,2726,0.0,106.0,360.0,0.0,Semiurban,N,2726.0,7.910957382845589,294.44444444444446,1.2961604304230865,38.88481291269259,Low,7.910957382845589,0.0,4.672828834461906
Male,Yes,0,Graduate,No,3000,3416.0,56.0,180.0,1.0,Semiurban,Y,6416.0,8.766705997750515,311.1111111111111,0.5818786367414797,8.728179551122194,Medium,8.006700845440367,8.136518252115291,4.04305126783455
Male,Yes,2,Graduate,Yes,6000,0.0,205.0,240.0,1.0,Semiurban,N,6000.0,8.699681400989514,854.1666666666666,1.7083333333333333,34.166666666666664,Medium,8.699681400989514,0.0,5.327876168789581
Male,No,3,Graduate,Yes,9357,0.0,292.0,360.0,1.0,Semiurban,Y,9357.0,9.143986871426161,811.1111111111111,1.0402194435538457,31.206583306615368,High,9.143986871426161,0.0,5.680172609017068
Male,Yes,0,Graduate,No,3859,3300.0,142.0,180.0,1.0,Rural,Y,7159.0,8.87626525995469,788.8888888888889,1.3223448340084742,19.835172510127112,Medium,8.258422462458876,8.101980731853192,4.962844630259907
Male,Yes,0,Graduate,Yes,16120,0.0,260.0,360.0,1.0,Urban,Y,16120.0,9.687878048875998,722.2222222222222,0.5376344086021505,16.129032258064516,High,9.687878048875998,0.0,5.564520407322694
Male,No,0,Not Graduate,No,3833,0.0,110.0,360.0,1.0,Rural,Y,3833.0,8.251663923605589,305.55555555555554,0.9566049221671449,28.69814766501435,Low,8.251663923605589,0.0,4.709530201312334
Male,Yes,2,Not Graduate,Yes,6383,1000.0,187.0,360.0,1.0,Rural,N,7383.0,8.907070776182689,519.4444444444445,0.8442819088897919,25.328457266693757,Medium,8.761550139129644,6.90875477931522,5.236441962829949
Male,No,0,Graduate,No,2987,0.0,88.0,360.0,0.0,Semiurban,N,2987.0,8.002359546252707,244.44444444444446,0.9820332552170518,29.46099765651155,Low,8.002359546252707,0.0,4.48863636973214
Male,Yes,0,Graduate,Yes,9963,0.0,180.0,360.0,1.0,Rural,Y,9963.0,9.20673387638207,500.0,0.6022282445046673,18.066847335140018,High,9.20673387638207,0.0,5.198497031265826
Male,Yes,2,Graduate,No,5780,0.0,192.0,360.0,1.0,Urban,Y,5780.0,8.662331957082475,533.3333333333334,1.1072664359861593,33.21799307958477,Medium,8.662331957082475,0.0,5.262690188904886
Female,No,3,Graduate,No,416,41667.0,350.0,180.0,1.0,Urban,N,42083.0,10.647422899928179,1944.4444444444443,0.554459837305642,8.31689755958463,High,6.0330862217988015,10.637488727104339,5.860786223465865
Male,Yes,0,Not Graduate,No,2894,2792.0,155.0,360.0,1.0,Rural,Y,5686.0,8.645938147306799,430.55555555555554,0.9086645562199555,27.259936686598664,Medium,7.970740390007095,7.934871565945177,5.049856007249537
Male,Yes,3,Graduate,No,5703,0.0,128.0,360.0,1.0,Urban,Y,5703.0,8.648922962094131,355.55555555555554,0.7481442515635046,22.44432754690514,Medium,8.648922962094131,0.0,4.859812404361672
Male,No,0,Graduate,No,3676,4301.0,172.0,360.0,1.0,Rural,Y,7977.0,8.984443032465352,477.77777777777777,0.7187330241109857,21.561990723329572,Medium,8.209852481301272,8.366835309827675,5.153291594497779
Female,Yes,1,Graduate,No,12000,0.0,496.0,360.0,1.0,Semiurban,Y,12000.0,9.392745258631441,1377.7777777777778,1.3777777777777778,41.333333333333336,High,9.392745258631441,0.0,6.208590026096629
Male,Yes,0,Not Graduate,No,2400,3800.0,128.0,180.0,1.0,Urban,N,6200.0,8.732465848349879,711.1111111111111,1.3763440860215055,20.64516129032258,Medium,7.783640596221253,8.24301946898925,4.859812404361672
Male,Yes,1,Graduate,No,3400,2500.0,173.0,360.0,1.0,Semiurban,Y,5900.0,8.682877107057168,480.55555555555554,0.9774011299435028,29.322033898305083,Medium,8.131824785007195,7.824445930877619,5.159055299214529
Male,Yes,2,Not Graduate,No,3987,1411.0,157.0,360.0,1.0,Rural,Y,5398.0,8.593969030218288,436.1111111111111,0.9694948746449302,29.084846239347907,Medium,8.291045131081729,7.252762418053187,5.062595033026967
Male,Yes,0,Graduate,No,3232,1950.0,108.0,360.0,1.0,Rural,Y,5182.0,8.553139318189707,300.0,0.6947124662292552,20.841373986877652,Medium,8.081165777725433,7.576097340623111,4.6913478822291435
Female,No,0,Graduate,No,2900,0.0,71.0,360.0,1.0,Rural,Y,2900.0,7.972810784121404,197.22222222222223,0.8160919540229886,24.482758620689655,Low,7.972810784121404,0.0,4.276666119016055
Male,Yes,3,Graduate,No,4106,0.0,40.0,180.0,1.0,Rural,Y,4106.0,8.320448113956559,222.22222222222223,0.649456080532554,9.74184120798831,Medium,8.320448113956559,0.0,3.713572066704308
Male,Yes,1,Graduate,No,8072,240.0,253.0,360.0,1.0,Urban,Y,8312.0,9.025575833531088,702.7777777777778,1.0145973692653194,30.437921077959576,High,8.996280439395015,5.484796933490655,5.537334267018537
Male,Yes,2,Graduate,No,7583,0.0,187.0,360.0,1.0,Urban,Y,7583.0,8.933796043934858,519.4444444444445,0.8220141544683284,24.66042463404985,Medium,8.933796043934858,0.0,5.236441962829949
Female,No,0,Graduate,Yes,4583,0.0,133.0,360.0,0.0,Semiurban,N,4583.0,8.430327258394575,369.44444444444446,0.9673430794966906,29.02029238490072,Medium,8.430327258394575,0.0,4.897839799950911
